-- Adminer 4.1.0 MySQL dump

SET NAMES utf8;
SET time_zone = '+00:00';
SET foreign_key_checks = 0;
SET sql_mode = 'NO_AUTO_VALUE_ON_ZERO';

DELIMITER ;;

DROP PROCEDURE IF EXISTS `authUser`;;
CREATE PROCEDURE `authUser`(IN `iUsername` varchar(50), IN `iPassword` varchar(64), OUT `oRole` varchar(50))
BEGIN
SELECT Role.roleDesc INTO oRole
FROM User INNER JOIN Role
WHERE User.userRole = Role.roleID
AND User.userUsername = iUsername
AND User.userPassword = iPassword
AND User.userApproved = 1;
END;;

DELIMITER ;

DROP TABLE IF EXISTS `Account`;
CREATE TABLE `Account` (
  `accountNumber` varchar(10) COLLATE latin1_bin NOT NULL,
  `accountOwner` varchar(10) COLLATE latin1_bin NOT NULL,
  `accountType` int(11) NOT NULL,
  `accountBalance` double NOT NULL,
  PRIMARY KEY (`accountNumber`),
  KEY `accountOwner` (`accountOwner`),
  CONSTRAINT `Account_ibfk_1` FOREIGN KEY (`accountOwner`) REFERENCES `Customer` (`customerID`) ON DELETE CASCADE
) ENGINE=InnoDB DEFAULT CHARSET=latin1 COLLATE=latin1_bin;

INSERT INTO `Account` (`accountNumber`, `accountOwner`, `accountType`, `accountBalance`) VALUES
('PB48770372',	'5094858226',	0,	50000),
('PB53817878',	'7832658080',	0,	31350),
('PB61493272',	'7723328532',	0,	19321),
('PB68048663',	'3073256595',	0,	0),
('PB85599371',	'3658497820',	0,	0),
('PB91910725',	'9282723318',	0,	20250);

DROP TABLE IF EXISTS `Customer`;
CREATE TABLE `Customer` (
  `customerID` varchar(10) COLLATE latin1_bin NOT NULL,
  `customerName` varchar(256) COLLATE latin1_bin NOT NULL,
  `customerDOB` date NOT NULL,
  `customerEmail` varchar(256) COLLATE latin1_bin NOT NULL,
  `customerAddress` varchar(256) COLLATE latin1_bin DEFAULT NULL,
  `customerUsername` varchar(50) COLLATE latin1_bin NOT NULL,
  `customerPIN` varchar(64) COLLATE latin1_bin DEFAULT NULL,
  `customerTransferSecurityMethod` int(11) NOT NULL DEFAULT '1',
  `customerSCSToken` varchar(40) COLLATE latin1_bin DEFAULT NULL,
  PRIMARY KEY (`customerID`),
  KEY `customerUsername` (`customerUsername`),
  CONSTRAINT `Customer_ibfk_1` FOREIGN KEY (`customerUsername`) REFERENCES `User` (`userUsername`) ON DELETE CASCADE
) ENGINE=InnoDB DEFAULT CHARSET=latin1 COLLATE=latin1_bin;

INSERT INTO `Customer` (`customerID`, `customerName`, `customerDOB`, `customerEmail`, `customerAddress`, `customerUsername`, `customerPIN`, `customerTransferSecurityMethod`, `customerSCSToken`) VALUES
('3073256595',	'Aleieldin Salem',	'1986-12-26',	'aleieldin.salem@gmail.com',	'9 Gorresstrasse',	'aesalem',	'1BSWbO+9cjUym7i1ZgdgZQ==',	2,	'bla'),
('3658497820',	'foobar',	'1955-12-12',	'foo@bar.com',	'bla bla',	'foobar',	'+A28m/l6WZE6o0hXVIUe7A==',	2,	'bla'),
('5094858226',	'John Doe',	'1954-10-10',	'aleieldin.salem@gmail.com',	'1 Johnny John',	'john',	'/sKNAA8cy0IXwcq34aDVtg==',	2,	'6f7f193870e9eb81666bebc4ffa41a0b87ffe1a3'),
('7723328532',	'Darth Vader',	'1985-12-12',	'aleieldin.salem@gmail.com',	'1 Death Star Ave',	'darth',	'0',	1,	NULL),
('7832658080',	'TAN Man',	'1970-01-01',	'aleieldin.salem@gmail.com',	'1 Main St.',	'tanman',	'0',	1,	NULL),
('9282723318',	'Super User',	'1950-10-10',	'aleieldin.salem@gmail.com',	'1 Main St.',	'superuser',	'UGzMHu9hsuMfF5/UnwGXBw==',	2,	'586f0c92623b34efa352c1d353af73b0ceb39911');

DROP TABLE IF EXISTS `Employee`;
CREATE TABLE `Employee` (
  `employeeID` varchar(10) COLLATE latin1_bin NOT NULL,
  `employeeName` varchar(50) COLLATE latin1_bin NOT NULL,
  `employeeDOB` date NOT NULL,
  `employeeAddress` varchar(256) COLLATE latin1_bin NOT NULL,
  `employeeEmail` varchar(256) COLLATE latin1_bin NOT NULL,
  `employeeDepartment` int(11) NOT NULL,
  `employeeBranch` int(11) NOT NULL,
  `employeeUsername` varchar(50) COLLATE latin1_bin NOT NULL,
  PRIMARY KEY (`employeeID`),
  KEY `employeeUsername` (`employeeUsername`),
  CONSTRAINT `Employee_ibfk_1` FOREIGN KEY (`employeeUsername`) REFERENCES `User` (`userUsername`) ON DELETE CASCADE
) ENGINE=InnoDB DEFAULT CHARSET=latin1 COLLATE=latin1_bin;

INSERT INTO `Employee` (`employeeID`, `employeeName`, `employeeDOB`, `employeeAddress`, `employeeEmail`, `employeeDepartment`, `employeeBranch`, `employeeUsername`) VALUES
('E237638840',	'Dame Helen Mirren',	'1952-10-05',	'15 Tottenham Court Road',	'aleieldin.salem@gmail.com',	0,	0,	'helen'),
('E382422174',	'testing',	'1955-12-12',	'testing',	'a@b.com',	0,	0,	'testingemp');

DROP TABLE IF EXISTS `ResetTokens`;
CREATE TABLE `ResetTokens` (
  `resetTokenID` varchar(40) COLLATE latin1_bin NOT NULL,
  `resetTokenTimestamp` int(11) NOT NULL,
  `resetTokenUsername` varchar(50) COLLATE latin1_bin NOT NULL,
  PRIMARY KEY (`resetTokenID`),
  KEY `resetTokenUsername` (`resetTokenUsername`),
  CONSTRAINT `ResetTokens_ibfk_1` FOREIGN KEY (`resetTokenUsername`) REFERENCES `User` (`userUsername`) ON DELETE CASCADE ON UPDATE CASCADE
) ENGINE=InnoDB DEFAULT CHARSET=latin1 COLLATE=latin1_bin;

INSERT INTO `ResetTokens` (`resetTokenID`, `resetTokenTimestamp`, `resetTokenUsername`) VALUES
('fd3e56b0c11612df6d0a6cabe0d9d618710554f4',	1417789300,	'darth');

DROP TABLE IF EXISTS `Role`;
CREATE TABLE `Role` (
  `roleID` int(11) NOT NULL AUTO_INCREMENT,
  `roleDesc` varchar(50) CHARACTER SET latin1 NOT NULL,
  PRIMARY KEY (`roleID`)
) ENGINE=InnoDB DEFAULT CHARSET=latin1 COLLATE=latin1_bin;

INSERT INTO `Role` (`roleID`, `roleDesc`) VALUES
(1,	'employee'),
(2,	'customer'),
(3,	'admin');

DROP TABLE IF EXISTS `SecurityQuestion`;
CREATE TABLE `SecurityQuestion` (
  `securityQuestionID` int(11) NOT NULL AUTO_INCREMENT,
  `securityQuestionDesc` varchar(500) COLLATE latin1_bin NOT NULL,
  PRIMARY KEY (`securityQuestionID`)
) ENGINE=InnoDB DEFAULT CHARSET=latin1 COLLATE=latin1_bin;

INSERT INTO `SecurityQuestion` (`securityQuestionID`, `securityQuestionDesc`) VALUES
(1,	'What was the make and model of your first car?'),
(2,	'What was the name of your elementary / primary school?'),
(3,	'In what city or town did you meet your spouse/partner?'),
(4,	'What is the name of your favorite school teacher?'),
(5,	'Who was your childhood hero?'),
(6,	'Where were you New Year\'s 2000?');

DROP TABLE IF EXISTS `Token`;
CREATE TABLE `Token` (
  `tokenID` varchar(15) COLLATE latin1_bin NOT NULL,
  `tokenCustomer` varchar(10) COLLATE latin1_bin NOT NULL,
  `tokenUsed` bit(1) NOT NULL DEFAULT b'0',
  PRIMARY KEY (`tokenID`),
  KEY `tokenCustomer` (`tokenCustomer`),
  CONSTRAINT `Token_ibfk_1` FOREIGN KEY (`tokenCustomer`) REFERENCES `Customer` (`customerID`) ON DELETE CASCADE
) ENGINE=InnoDB DEFAULT CHARSET=latin1 COLLATE=latin1_bin;

INSERT INTO `Token` (`tokenID`, `tokenCustomer`, `tokenUsed`) VALUES
('006f3ae1a95315a',	'7723328532',	CONV('0', 2, 10) + 0),
('0086a5af03f44cb',	'7723328532',	CONV('0', 2, 10) + 0),
('0098ff8a2cbedc7',	'7832658080',	CONV('0', 2, 10) + 0),
('00e25e30bb33876',	'7832658080',	CONV('0', 2, 10) + 0),
('01d0056741d05a7',	'7723328532',	CONV('0', 2, 10) + 0),
('01eeb28ac088d6e',	'7723328532',	CONV('0', 2, 10) + 0),
('0240eb846989fa9',	'7723328532',	CONV('0', 2, 10) + 0),
('0514c4f20e9beca',	'7723328532',	CONV('0', 2, 10) + 0),
('05a01c0df6d7586',	'7723328532',	CONV('0', 2, 10) + 0),
('05edec3b8db7405',	'7832658080',	CONV('0', 2, 10) + 0),
('05fb6edf8acee4d',	'7723328532',	CONV('0', 2, 10) + 0),
('06deb4b53ea5e0e',	'7723328532',	CONV('0', 2, 10) + 0),
('0768327d4fd8c8c',	'7723328532',	CONV('0', 2, 10) + 0),
('07909ee52be1bca',	'7723328532',	CONV('0', 2, 10) + 0),
('07f3ea6200812a4',	'7723328532',	CONV('0', 2, 10) + 0),
('09ccdbd29900116',	'7723328532',	CONV('0', 2, 10) + 0),
('0b1624430dd4ed6',	'7723328532',	CONV('0', 2, 10) + 0),
('0bce66a98c2ecb2',	'7723328532',	CONV('0', 2, 10) + 0),
('0c628ad5d392cbe',	'7723328532',	CONV('0', 2, 10) + 0),
('0c9169bb6b998e2',	'7832658080',	CONV('0', 2, 10) + 0),
('0dc6b5e49c7cb7e',	'7723328532',	CONV('0', 2, 10) + 0),
('0ea1aa8e91b9329',	'7723328532',	CONV('0', 2, 10) + 0),
('107af38b505aa11',	'7832658080',	CONV('0', 2, 10) + 0),
('10e6af1b56fa2e6',	'7832658080',	CONV('0', 2, 10) + 0),
('1302319f42cd769',	'7723328532',	CONV('0', 2, 10) + 0),
('1408e6a84ea0757',	'7723328532',	CONV('0', 2, 10) + 0),
('1437039f2437e54',	'7723328532',	CONV('0', 2, 10) + 0),
('144e618f9072aac',	'7832658080',	CONV('0', 2, 10) + 0),
('14750e839ad7a00',	'7832658080',	CONV('0', 2, 10) + 0),
('159e4f09117f536',	'7723328532',	CONV('0', 2, 10) + 0),
('181dacbfa325bf3',	'7723328532',	CONV('0', 2, 10) + 0),
('183b009ad552907',	'7723328532',	CONV('0', 2, 10) + 0),
('1843db9e51cec42',	'7723328532',	CONV('0', 2, 10) + 0),
('184a9bf836d80fc',	'7723328532',	CONV('0', 2, 10) + 0),
('18bad17932553c2',	'7723328532',	CONV('0', 2, 10) + 0),
('18ec903fb1556cc',	'7723328532',	CONV('0', 2, 10) + 0),
('191965636c419b2',	'7832658080',	CONV('0', 2, 10) + 0),
('1942172aa9fd5bd',	'7723328532',	CONV('0', 2, 10) + 0),
('19604e33fecb687',	'7723328532',	CONV('0', 2, 10) + 0),
('19e8e693ee4b366',	'7832658080',	CONV('0', 2, 10) + 0),
('1a7ea9410598021',	'7723328532',	CONV('0', 2, 10) + 0),
('1ac3890c92b8912',	'7723328532',	CONV('0', 2, 10) + 0),
('1aeaa3d117359de',	'7723328532',	CONV('0', 2, 10) + 0),
('1b7f1cc9292f594',	'7723328532',	CONV('0', 2, 10) + 0),
('1be1c99ad83ee72',	'7723328532',	CONV('0', 2, 10) + 0),
('1cbf14c45c0b066',	'7723328532',	CONV('0', 2, 10) + 0),
('1d2cd9a8583ca9a',	'7723328532',	CONV('0', 2, 10) + 0),
('1d3dc5d5d1fe0d4',	'7723328532',	CONV('0', 2, 10) + 0),
('1d5aeecf4f89fed',	'7723328532',	CONV('0', 2, 10) + 0),
('1dae00b58b2a743',	'7723328532',	CONV('0', 2, 10) + 0),
('1dfa5abf99e302a',	'7723328532',	CONV('0', 2, 10) + 0),
('1ec858ce4bfa3a6',	'7723328532',	CONV('0', 2, 10) + 0),
('1f279c72068b9fb',	'7723328532',	CONV('0', 2, 10) + 0),
('1f62a88c0162722',	'7723328532',	CONV('0', 2, 10) + 0),
('1fa4e05e8e9be61',	'7723328532',	CONV('0', 2, 10) + 0),
('1fbff8540804806',	'7723328532',	CONV('0', 2, 10) + 0),
('20014eb7eecee09',	'7723328532',	CONV('0', 2, 10) + 0),
('201c344ea34d90c',	'7723328532',	CONV('0', 2, 10) + 0),
('2049d732efc0de0',	'7723328532',	CONV('0', 2, 10) + 0),
('209daa8cc42abe7',	'7832658080',	CONV('0', 2, 10) + 0),
('21ad340a6ccbefd',	'7832658080',	CONV('0', 2, 10) + 0),
('22b492df63eebde',	'7723328532',	CONV('0', 2, 10) + 0),
('23283a88ca615a3',	'7723328532',	CONV('0', 2, 10) + 0),
('242a345d4c1264d',	'7723328532',	CONV('0', 2, 10) + 0),
('24e251dfe08825b',	'7723328532',	CONV('0', 2, 10) + 0),
('2516681d8546784',	'7832658080',	CONV('0', 2, 10) + 0),
('255ad239262c3b6',	'7723328532',	CONV('0', 2, 10) + 0),
('260cc4e6e31a8ba',	'7723328532',	CONV('0', 2, 10) + 0),
('2612cded051c62f',	'7723328532',	CONV('0', 2, 10) + 0),
('2974fb97a3ada70',	'7723328532',	CONV('0', 2, 10) + 0),
('297f87f51dbec95',	'7832658080',	CONV('0', 2, 10) + 0),
('2a62b1cae8cd90c',	'7832658080',	CONV('0', 2, 10) + 0),
('2b2539aeab6a30b',	'7723328532',	CONV('0', 2, 10) + 0),
('2bbd3a21732a0d6',	'7723328532',	CONV('0', 2, 10) + 0),
('2c3ef959a56fbd1',	'7723328532',	CONV('0', 2, 10) + 0),
('2c4ee2a54e0077c',	'7723328532',	CONV('0', 2, 10) + 0),
('2d5265aa471b7b1',	'7832658080',	CONV('0', 2, 10) + 0),
('2e0f93cfe280110',	'7723328532',	CONV('0', 2, 10) + 0),
('2f1bc97fa8b7020',	'7723328532',	CONV('0', 2, 10) + 0),
('30271a67ef504e5',	'7723328532',	CONV('0', 2, 10) + 0),
('3168034e7251e3d',	'7723328532',	CONV('0', 2, 10) + 0),
('3180e37055a86c2',	'7723328532',	CONV('0', 2, 10) + 0),
('339ad09de6c094c',	'7723328532',	CONV('0', 2, 10) + 0),
('33a2a88db8a304c',	'7723328532',	CONV('0', 2, 10) + 0),
('33d58df52093025',	'7723328532',	CONV('0', 2, 10) + 0),
('342da1c949c0096',	'7832658080',	CONV('0', 2, 10) + 0),
('355cae8cac14120',	'7723328532',	CONV('0', 2, 10) + 0),
('361f696aae11e08',	'7723328532',	CONV('0', 2, 10) + 0),
('36a3791ee4abde7',	'7723328532',	CONV('0', 2, 10) + 0),
('3855cc2f1e53459',	'7832658080',	CONV('0', 2, 10) + 0),
('38b12c957f47612',	'7832658080',	CONV('0', 2, 10) + 0),
('393a27beb2bb53b',	'7723328532',	CONV('0', 2, 10) + 0),
('394f6c86fd0d6ee',	'7832658080',	CONV('0', 2, 10) + 0),
('395377593d3fb05',	'7723328532',	CONV('0', 2, 10) + 0),
('3a7597360be8aeb',	'7723328532',	CONV('0', 2, 10) + 0),
('3ac490a453deb3b',	'7723328532',	CONV('0', 2, 10) + 0),
('3ade16a6a9a65a8',	'7723328532',	CONV('0', 2, 10) + 0),
('3b5480d617ce4e0',	'7723328532',	CONV('0', 2, 10) + 0),
('3bdecc745dc1f4a',	'7832658080',	CONV('0', 2, 10) + 0),
('3c1bc6c93275b81',	'7723328532',	CONV('0', 2, 10) + 0),
('3c48d787a0b59bf',	'7723328532',	CONV('0', 2, 10) + 0),
('3c7ae5ac76a1554',	'7723328532',	CONV('0', 2, 10) + 0),
('3c837d553ff59fa',	'7832658080',	CONV('0', 2, 10) + 0),
('3ddc2f4dd367771',	'7832658080',	CONV('0', 2, 10) + 0),
('3e494b36bcc3a7f',	'7723328532',	CONV('0', 2, 10) + 0),
('3ed1faa455126f7',	'7723328532',	CONV('0', 2, 10) + 0),
('3f2a8ad5dd7f984',	'7723328532',	CONV('0', 2, 10) + 0),
('3f6f010f299f5b7',	'7723328532',	CONV('0', 2, 10) + 0),
('3fac8d9f6eb56dd',	'7723328532',	CONV('0', 2, 10) + 0),
('40479eff313ef21',	'7723328532',	CONV('0', 2, 10) + 0),
('408019478300524',	'7832658080',	CONV('0', 2, 10) + 0),
('409b2caea42de10',	'7723328532',	CONV('0', 2, 10) + 0),
('414ab04ae94bc9d',	'7723328532',	CONV('0', 2, 10) + 0),
('4151e1b11e379ab',	'7832658080',	CONV('0', 2, 10) + 0),
('42986d07b2bb5bb',	'7832658080',	CONV('0', 2, 10) + 0),
('43024cf0c5aa843',	'7723328532',	CONV('0', 2, 10) + 0),
('4352c77202369a1',	'7723328532',	CONV('0', 2, 10) + 0),
('44b8a450189498a',	'7723328532',	CONV('0', 2, 10) + 0),
('4557ec26fcb4bb0',	'7723328532',	CONV('0', 2, 10) + 0),
('45b7896a2fcd9f3',	'7723328532',	CONV('0', 2, 10) + 0),
('466a5e60663f615',	'7723328532',	CONV('0', 2, 10) + 0),
('4676fea6e8255a6',	'7723328532',	CONV('0', 2, 10) + 0),
('469078c934fddde',	'7723328532',	CONV('0', 2, 10) + 0),
('46962b7366f7dd7',	'7723328532',	CONV('0', 2, 10) + 0),
('46ddddaf60a2eab',	'7723328532',	CONV('0', 2, 10) + 0),
('477a9055f158e1d',	'7723328532',	CONV('0', 2, 10) + 0),
('47856196b2a56b7',	'7723328532',	CONV('0', 2, 10) + 0),
('478807851ebb34d',	'7832658080',	CONV('1', 2, 10) + 0),
('47a38da376bc1aa',	'7723328532',	CONV('0', 2, 10) + 0),
('4851383c25b7806',	'7723328532',	CONV('0', 2, 10) + 0),
('497c5afd8d41a64',	'7723328532',	CONV('0', 2, 10) + 0),
('49871d285ec199b',	'7723328532',	CONV('0', 2, 10) + 0),
('4a6873fa1aaaa93',	'7723328532',	CONV('0', 2, 10) + 0),
('4a7cdb48138fb00',	'7723328532',	CONV('0', 2, 10) + 0),
('4ce58a559553872',	'7723328532',	CONV('0', 2, 10) + 0),
('4d41938082e36a5',	'7723328532',	CONV('0', 2, 10) + 0),
('4d46c8a939f23a8',	'7723328532',	CONV('0', 2, 10) + 0),
('4d6c9c27de45877',	'7832658080',	CONV('0', 2, 10) + 0),
('4e5e6b77f4f25c8',	'7832658080',	CONV('0', 2, 10) + 0),
('50c4b9eb67edda9',	'7723328532',	CONV('0', 2, 10) + 0),
('50f8f4858c68261',	'7723328532',	CONV('0', 2, 10) + 0),
('51457778578deb0',	'7723328532',	CONV('0', 2, 10) + 0),
('5146585349794f6',	'7723328532',	CONV('0', 2, 10) + 0),
('51725c4f2d20d03',	'7832658080',	CONV('0', 2, 10) + 0),
('5183bbc4f56f04b',	'7723328532',	CONV('0', 2, 10) + 0),
('51c687d2acbce4c',	'7832658080',	CONV('0', 2, 10) + 0),
('52c56d4989dd883',	'7723328532',	CONV('0', 2, 10) + 0),
('5344fe32fe9555d',	'7723328532',	CONV('0', 2, 10) + 0),
('538869308fd32fb',	'7723328532',	CONV('0', 2, 10) + 0),
('5390469620b8de5',	'7723328532',	CONV('0', 2, 10) + 0),
('53b3a6721b30cb3',	'7832658080',	CONV('0', 2, 10) + 0),
('546dd0c27d928a2',	'7723328532',	CONV('0', 2, 10) + 0),
('55e8ee280075ce8',	'7723328532',	CONV('0', 2, 10) + 0),
('563fefcac8e4d13',	'7832658080',	CONV('0', 2, 10) + 0),
('566be54401fd680',	'7723328532',	CONV('0', 2, 10) + 0),
('5744ef8212ed37c',	'7832658080',	CONV('0', 2, 10) + 0),
('575738dc2469f8b',	'7723328532',	CONV('0', 2, 10) + 0),
('5818991c332170a',	'7723328532',	CONV('0', 2, 10) + 0),
('58570dc9b3c8dda',	'7723328532',	CONV('0', 2, 10) + 0),
('586e3b59599d110',	'7832658080',	CONV('0', 2, 10) + 0),
('58a7341c90d6386',	'7723328532',	CONV('0', 2, 10) + 0),
('58bce1a02fa9a2f',	'7723328532',	CONV('0', 2, 10) + 0),
('591bb9d871710a2',	'7723328532',	CONV('0', 2, 10) + 0),
('5a3b82e2bc4a2d0',	'7723328532',	CONV('0', 2, 10) + 0),
('5af1f8635850d57',	'7723328532',	CONV('0', 2, 10) + 0),
('5cffce405c45ded',	'7723328532',	CONV('0', 2, 10) + 0),
('5e1c707731b8323',	'7723328532',	CONV('0', 2, 10) + 0),
('5e248c9e0ac7639',	'7723328532',	CONV('0', 2, 10) + 0),
('5eb0ff75e8daea2',	'7723328532',	CONV('0', 2, 10) + 0),
('5f2570fc172b759',	'7723328532',	CONV('0', 2, 10) + 0),
('604f3db25b83661',	'7723328532',	CONV('0', 2, 10) + 0),
('60d83902785b93b',	'7723328532',	CONV('0', 2, 10) + 0),
('620039d8d1a9335',	'7723328532',	CONV('0', 2, 10) + 0),
('620b13943e73093',	'7723328532',	CONV('0', 2, 10) + 0),
('62451e8ff659413',	'7723328532',	CONV('0', 2, 10) + 0),
('62d5d119ca98779',	'7723328532',	CONV('0', 2, 10) + 0),
('63b9f87c4ad71e2',	'7723328532',	CONV('0', 2, 10) + 0),
('64258de3ac841cc',	'7723328532',	CONV('0', 2, 10) + 0),
('6533e8dcfd08553',	'7832658080',	CONV('0', 2, 10) + 0),
('66b832cab682a86',	'7723328532',	CONV('0', 2, 10) + 0),
('66c83e8188992d3',	'7723328532',	CONV('0', 2, 10) + 0),
('66e89b93769e751',	'7723328532',	CONV('0', 2, 10) + 0),
('677aad59e3ca409',	'7723328532',	CONV('0', 2, 10) + 0),
('680417fc2bc91d6',	'7832658080',	CONV('0', 2, 10) + 0),
('682412ae6e3b4fb',	'7723328532',	CONV('0', 2, 10) + 0),
('683d30ab0349dd8',	'7723328532',	CONV('0', 2, 10) + 0),
('68fec9a7db929be',	'7723328532',	CONV('0', 2, 10) + 0),
('695d18b9224d317',	'7723328532',	CONV('0', 2, 10) + 0),
('69feedfb014540b',	'7832658080',	CONV('0', 2, 10) + 0),
('6a0d5b30ecede05',	'7723328532',	CONV('0', 2, 10) + 0),
('6ac6baeacf07567',	'7723328532',	CONV('0', 2, 10) + 0),
('6b43c0494632220',	'7723328532',	CONV('0', 2, 10) + 0),
('6c32a9f5b78c287',	'7723328532',	CONV('0', 2, 10) + 0),
('6dc2b66ccb1b1d1',	'7723328532',	CONV('0', 2, 10) + 0),
('6dd971a4eac14cc',	'7832658080',	CONV('0', 2, 10) + 0),
('6de8472c04e6b7b',	'7723328532',	CONV('0', 2, 10) + 0),
('6decd4f210312ea',	'7723328532',	CONV('0', 2, 10) + 0),
('6e091504a646b70',	'7723328532',	CONV('0', 2, 10) + 0),
('6e669cc5c47bc05',	'7723328532',	CONV('0', 2, 10) + 0),
('6f1334b863bfaec',	'7723328532',	CONV('0', 2, 10) + 0),
('6f78d977e496326',	'7832658080',	CONV('0', 2, 10) + 0),
('6feac7157806997',	'7723328532',	CONV('0', 2, 10) + 0),
('6ff5aa54307020e',	'7723328532',	CONV('0', 2, 10) + 0),
('70029872bc34d14',	'7723328532',	CONV('0', 2, 10) + 0),
('701e6497b27adc4',	'7723328532',	CONV('0', 2, 10) + 0),
('704d764f60cae50',	'7723328532',	CONV('0', 2, 10) + 0),
('70a6ce170d6985f',	'7723328532',	CONV('0', 2, 10) + 0),
('70d6b538a2b58f8',	'7723328532',	CONV('0', 2, 10) + 0),
('725ca074ef1c605',	'7723328532',	CONV('0', 2, 10) + 0),
('72dbd58c2a8344a',	'7723328532',	CONV('0', 2, 10) + 0),
('738831de9456c34',	'7723328532',	CONV('0', 2, 10) + 0),
('73d075033589394',	'7723328532',	CONV('0', 2, 10) + 0),
('73d07e903ff2d49',	'7832658080',	CONV('0', 2, 10) + 0),
('73f5090d475674b',	'7832658080',	CONV('0', 2, 10) + 0),
('743e6557168b081',	'7723328532',	CONV('0', 2, 10) + 0),
('74d28751ff3aef7',	'7723328532',	CONV('0', 2, 10) + 0),
('74e99474a99c238',	'7723328532',	CONV('0', 2, 10) + 0),
('7554dd32f600e8c',	'7723328532',	CONV('0', 2, 10) + 0),
('756b5f531b439b6',	'7723328532',	CONV('0', 2, 10) + 0),
('7587de3f9d75a66',	'7723328532',	CONV('0', 2, 10) + 0),
('764002fbf063c16',	'7832658080',	CONV('0', 2, 10) + 0),
('766fe4ac96e4581',	'7723328532',	CONV('0', 2, 10) + 0),
('76fc4a59e1316bc',	'7723328532',	CONV('0', 2, 10) + 0),
('7790676000487d8',	'7723328532',	CONV('0', 2, 10) + 0),
('77ddf797940c883',	'7723328532',	CONV('0', 2, 10) + 0),
('7806439579a0f4b',	'7723328532',	CONV('0', 2, 10) + 0),
('7852163f7c650b7',	'7723328532',	CONV('0', 2, 10) + 0),
('7855bfdd9245ff4',	'7832658080',	CONV('0', 2, 10) + 0),
('7a0592bf8a2bc46',	'7723328532',	CONV('0', 2, 10) + 0),
('7a1f3d2e88803e3',	'7723328532',	CONV('0', 2, 10) + 0),
('7a2dc5cd2e1a8f8',	'7832658080',	CONV('0', 2, 10) + 0),
('7a53a12d130ea8f',	'7723328532',	CONV('0', 2, 10) + 0),
('7ab5f450d85c513',	'7723328532',	CONV('0', 2, 10) + 0),
('7aca7dc24ebeb1b',	'7832658080',	CONV('0', 2, 10) + 0),
('7b003686070377d',	'7723328532',	CONV('0', 2, 10) + 0),
('7b8c448c6e93b7b',	'7723328532',	CONV('0', 2, 10) + 0),
('7b97060b880878b',	'7723328532',	CONV('0', 2, 10) + 0),
('7c24f82e68d548a',	'7723328532',	CONV('0', 2, 10) + 0),
('7d297972d975ebc',	'7723328532',	CONV('0', 2, 10) + 0),
('7dfe006656aa59f',	'7723328532',	CONV('0', 2, 10) + 0),
('7e3161c33a4067b',	'7723328532',	CONV('0', 2, 10) + 0),
('7e6192c378c9380',	'7723328532',	CONV('0', 2, 10) + 0),
('7f27b38503d132f',	'7723328532',	CONV('0', 2, 10) + 0),
('7f28f734f358c18',	'7832658080',	CONV('0', 2, 10) + 0),
('7f2fe02aba22216',	'7723328532',	CONV('0', 2, 10) + 0),
('7fa448beead5391',	'7723328532',	CONV('0', 2, 10) + 0),
('7fe8a0e91c020b6',	'7832658080',	CONV('0', 2, 10) + 0),
('8016f676d199edb',	'7723328532',	CONV('0', 2, 10) + 0),
('8033b3260ab023b',	'7723328532',	CONV('0', 2, 10) + 0),
('8099e98462d90c2',	'7723328532',	CONV('0', 2, 10) + 0),
('810a828d41fff93',	'7723328532',	CONV('0', 2, 10) + 0),
('8175961c3fa584f',	'7723328532',	CONV('0', 2, 10) + 0),
('81ab1b27439347f',	'7723328532',	CONV('0', 2, 10) + 0),
('81b86d3ef6dc1b3',	'7832658080',	CONV('0', 2, 10) + 0),
('81cbf0cd8963271',	'7723328532',	CONV('0', 2, 10) + 0),
('81d1e0178332301',	'7723328532',	CONV('0', 2, 10) + 0),
('82444b0254c2d65',	'7723328532',	CONV('0', 2, 10) + 0),
('83eb3f881c2128f',	'7723328532',	CONV('0', 2, 10) + 0),
('844791d8d2e14d1',	'7832658080',	CONV('0', 2, 10) + 0),
('845b1c67f2086e6',	'7723328532',	CONV('0', 2, 10) + 0),
('8586c53a3a1b743',	'7723328532',	CONV('0', 2, 10) + 0),
('85a7357a500f88c',	'7832658080',	CONV('0', 2, 10) + 0),
('86102745683fa5f',	'7832658080',	CONV('0', 2, 10) + 0),
('86744c62656f91d',	'7723328532',	CONV('0', 2, 10) + 0),
('88222866a836630',	'7723328532',	CONV('0', 2, 10) + 0),
('8852411633b6cc9',	'7723328532',	CONV('0', 2, 10) + 0),
('88e90644a31306f',	'7723328532',	CONV('0', 2, 10) + 0),
('8995e2b0b2a34a5',	'7723328532',	CONV('0', 2, 10) + 0),
('8b4f4a1eeadfb58',	'7832658080',	CONV('0', 2, 10) + 0),
('8b5b75c11f942bf',	'7723328532',	CONV('0', 2, 10) + 0),
('8b75e11ceacf9a3',	'7723328532',	CONV('0', 2, 10) + 0),
('8c3e8db5f9117d7',	'7723328532',	CONV('0', 2, 10) + 0),
('8c4eef562308d06',	'7832658080',	CONV('0', 2, 10) + 0),
('8ca9f3a9bb67bd9',	'7723328532',	CONV('0', 2, 10) + 0),
('8cbbedf404feb89',	'7723328532',	CONV('0', 2, 10) + 0),
('8cee2db7fd0bf34',	'7723328532',	CONV('0', 2, 10) + 0),
('8d73cb097a218f5',	'7832658080',	CONV('0', 2, 10) + 0),
('8e8aa3e45d603d4',	'7832658080',	CONV('0', 2, 10) + 0),
('8ec232df94d2a84',	'7723328532',	CONV('0', 2, 10) + 0),
('8f6d22b57f63be5',	'7723328532',	CONV('0', 2, 10) + 0),
('8f6eb9c0d70b56a',	'7832658080',	CONV('0', 2, 10) + 0),
('8f79bb7ee74f398',	'7723328532',	CONV('0', 2, 10) + 0),
('8ff294d6dfe2d55',	'7723328532',	CONV('0', 2, 10) + 0),
('90095d068e0faf3',	'7723328532',	CONV('0', 2, 10) + 0),
('906af68ce44dc8e',	'7723328532',	CONV('0', 2, 10) + 0),
('91934dad10f89da',	'7723328532',	CONV('0', 2, 10) + 0),
('92a4c2d2262c77b',	'7723328532',	CONV('0', 2, 10) + 0),
('92b230cab67d817',	'7723328532',	CONV('0', 2, 10) + 0),
('92f2ba883b0013b',	'7723328532',	CONV('0', 2, 10) + 0),
('9433bfd20e821ac',	'7723328532',	CONV('0', 2, 10) + 0),
('946774147566aea',	'7723328532',	CONV('0', 2, 10) + 0),
('94c24a81c4227dc',	'7723328532',	CONV('0', 2, 10) + 0),
('95360486bd60295',	'7723328532',	CONV('0', 2, 10) + 0),
('95a6c0b84631dc9',	'7832658080',	CONV('0', 2, 10) + 0),
('96390b04a604279',	'7832658080',	CONV('0', 2, 10) + 0),
('96c1f173d11e136',	'7723328532',	CONV('0', 2, 10) + 0),
('96cb32becd6c312',	'7723328532',	CONV('0', 2, 10) + 0),
('9777aa151018885',	'7832658080',	CONV('0', 2, 10) + 0),
('98020769f922352',	'7723328532',	CONV('0', 2, 10) + 0),
('980f7526c5007ee',	'7723328532',	CONV('0', 2, 10) + 0),
('98482278cfb48ca',	'7723328532',	CONV('0', 2, 10) + 0),
('9875ee678e460bc',	'7723328532',	CONV('0', 2, 10) + 0),
('99bdc9afb4279a0',	'7832658080',	CONV('0', 2, 10) + 0),
('9a4ac75d303e9a0',	'7723328532',	CONV('0', 2, 10) + 0),
('9a711daa7af7640',	'7832658080',	CONV('0', 2, 10) + 0),
('9ac3f729403c2ba',	'7723328532',	CONV('0', 2, 10) + 0),
('9ac697d8cf0cbfa',	'7723328532',	CONV('0', 2, 10) + 0),
('9bd62538073067c',	'7723328532',	CONV('0', 2, 10) + 0),
('9d3e23da9ddb4e9',	'7723328532',	CONV('0', 2, 10) + 0),
('9d532b68292c1c5',	'7723328532',	CONV('0', 2, 10) + 0),
('9d654966cb33b3d',	'7723328532',	CONV('0', 2, 10) + 0),
('9de9a51a2a200b9',	'7723328532',	CONV('0', 2, 10) + 0),
('9e1a0bddd90d03e',	'7723328532',	CONV('0', 2, 10) + 0),
('9e9bba5eee91f43',	'7723328532',	CONV('0', 2, 10) + 0),
('9f2216905afdea3',	'7723328532',	CONV('0', 2, 10) + 0),
('a057901d5447ec5',	'7723328532',	CONV('0', 2, 10) + 0),
('a0f215373ce2481',	'7723328532',	CONV('0', 2, 10) + 0),
('a1a48b3fc7689ec',	'7723328532',	CONV('0', 2, 10) + 0),
('a21908684f1d2b2',	'7723328532',	CONV('0', 2, 10) + 0),
('a26cbc9d338c9f4',	'7723328532',	CONV('0', 2, 10) + 0),
('a36e9ab67fbce32',	'7723328532',	CONV('0', 2, 10) + 0),
('a3861d3ea074e15',	'7832658080',	CONV('0', 2, 10) + 0),
('a46e98c1fa2f4ba',	'7723328532',	CONV('0', 2, 10) + 0),
('a471b7249131f17',	'7723328532',	CONV('0', 2, 10) + 0),
('a5f0c46a3b56641',	'7723328532',	CONV('0', 2, 10) + 0),
('a68fc2b069232af',	'7832658080',	CONV('0', 2, 10) + 0),
('a8346d40c738065',	'7832658080',	CONV('0', 2, 10) + 0),
('a8c60bda5d88815',	'7723328532',	CONV('0', 2, 10) + 0),
('a97ebe08d71e732',	'7723328532',	CONV('0', 2, 10) + 0),
('a992ab593e9e28f',	'7723328532',	CONV('0', 2, 10) + 0),
('a9ab7269c083d0d',	'7723328532',	CONV('0', 2, 10) + 0),
('abdc8134eff9de9',	'7723328532',	CONV('0', 2, 10) + 0),
('ac589cff2f0951c',	'7723328532',	CONV('0', 2, 10) + 0),
('ad058a7fe4bc9c9',	'7723328532',	CONV('0', 2, 10) + 0),
('ad545e1548e799c',	'7723328532',	CONV('0', 2, 10) + 0),
('ad669925e7fd74d',	'7832658080',	CONV('1', 2, 10) + 0),
('ad8d63981587567',	'7723328532',	CONV('0', 2, 10) + 0),
('adc73a6bc851108',	'7723328532',	CONV('0', 2, 10) + 0),
('ae0c5bd9b3a92b8',	'7723328532',	CONV('0', 2, 10) + 0),
('aebbf7c876e8c14',	'7832658080',	CONV('0', 2, 10) + 0),
('af3189a5ff31a7d',	'7723328532',	CONV('0', 2, 10) + 0),
('af8469b13179d23',	'7832658080',	CONV('0', 2, 10) + 0),
('afa1201aaccd4ee',	'7723328532',	CONV('0', 2, 10) + 0),
('b03e85617647df3',	'7723328532',	CONV('0', 2, 10) + 0),
('b0580bddc59ebe4',	'7832658080',	CONV('0', 2, 10) + 0),
('b178e79bb0327c4',	'7832658080',	CONV('0', 2, 10) + 0),
('b17c7f75358bb92',	'7723328532',	CONV('0', 2, 10) + 0),
('b212daa6495144f',	'7832658080',	CONV('0', 2, 10) + 0),
('b276ae930952e89',	'7723328532',	CONV('0', 2, 10) + 0),
('b2d0c449124aeae',	'7832658080',	CONV('1', 2, 10) + 0),
('b2d3f5d88c52db1',	'7723328532',	CONV('0', 2, 10) + 0),
('b32da5a8b40f467',	'7723328532',	CONV('0', 2, 10) + 0),
('b4089e3a1babbc3',	'7723328532',	CONV('0', 2, 10) + 0),
('b40c74145f93600',	'7723328532',	CONV('0', 2, 10) + 0),
('b463b0cbd2971cc',	'7723328532',	CONV('0', 2, 10) + 0),
('b4aea9aff09cb73',	'7832658080',	CONV('0', 2, 10) + 0),
('b54869736ec6e08',	'7723328532',	CONV('0', 2, 10) + 0),
('b6621cdee8d21ed',	'7723328532',	CONV('0', 2, 10) + 0),
('b694d218b94336c',	'7723328532',	CONV('0', 2, 10) + 0),
('b772bb0544a1669',	'7723328532',	CONV('0', 2, 10) + 0),
('b82606ebc2630db',	'7723328532',	CONV('0', 2, 10) + 0),
('b84706472f45144',	'7723328532',	CONV('0', 2, 10) + 0),
('b880a685a187837',	'7723328532',	CONV('0', 2, 10) + 0),
('b910ef0ea1e2242',	'7723328532',	CONV('0', 2, 10) + 0),
('b99c31121283649',	'7832658080',	CONV('0', 2, 10) + 0),
('b9abfb5f1bc4b5b',	'7832658080',	CONV('0', 2, 10) + 0),
('b9b09c6a36e8e27',	'7723328532',	CONV('0', 2, 10) + 0),
('bb5961b2094178e',	'7723328532',	CONV('0', 2, 10) + 0),
('bbff61ea5b595ad',	'7723328532',	CONV('0', 2, 10) + 0),
('bc006481dbfc747',	'7723328532',	CONV('0', 2, 10) + 0),
('bc4a00d7fe7306a',	'7723328532',	CONV('0', 2, 10) + 0),
('bc7a658e7f6754a',	'7723328532',	CONV('1', 2, 10) + 0),
('bcd82d87d07786d',	'7832658080',	CONV('0', 2, 10) + 0),
('bd474d37a29674e',	'7723328532',	CONV('0', 2, 10) + 0),
('be3b6f3dabf2398',	'7723328532',	CONV('0', 2, 10) + 0),
('bf547e0b95b0af9',	'7832658080',	CONV('0', 2, 10) + 0),
('bfa58dc1c511dc5',	'7832658080',	CONV('0', 2, 10) + 0),
('bfe16ba0dfb80cb',	'7832658080',	CONV('0', 2, 10) + 0),
('c012ec9437c496a',	'7723328532',	CONV('0', 2, 10) + 0),
('c020cdd55a8c850',	'7832658080',	CONV('0', 2, 10) + 0),
('c08284aa984f60c',	'7723328532',	CONV('0', 2, 10) + 0),
('c113f24d5da88d4',	'7723328532',	CONV('1', 2, 10) + 0),
('c13066ec3bcb855',	'7723328532',	CONV('0', 2, 10) + 0),
('c134cc1b25beaf7',	'7723328532',	CONV('0', 2, 10) + 0),
('c1902bcbedf7278',	'7723328532',	CONV('0', 2, 10) + 0),
('c1c684497f2466e',	'7723328532',	CONV('0', 2, 10) + 0),
('c1d557584cc5f80',	'7723328532',	CONV('0', 2, 10) + 0),
('c410c6c64fb7b67',	'7832658080',	CONV('0', 2, 10) + 0),
('c5ba6d2be4d5680',	'7723328532',	CONV('0', 2, 10) + 0),
('c5ed7bb5aac681e',	'7723328532',	CONV('0', 2, 10) + 0),
('c6389208a980be5',	'7832658080',	CONV('0', 2, 10) + 0),
('c9cd2c105479a64',	'7832658080',	CONV('0', 2, 10) + 0),
('ca03d680a2d0724',	'7723328532',	CONV('0', 2, 10) + 0),
('ca7b21f20b8f219',	'7723328532',	CONV('0', 2, 10) + 0),
('cad546975309726',	'7723328532',	CONV('0', 2, 10) + 0),
('cafea95138d7587',	'7723328532',	CONV('0', 2, 10) + 0),
('cbca06354a41921',	'7723328532',	CONV('0', 2, 10) + 0),
('cca6281ed880dc1',	'7723328532',	CONV('0', 2, 10) + 0),
('cd33dde60e3a810',	'7723328532',	CONV('0', 2, 10) + 0),
('cee12f18c08fef0',	'7723328532',	CONV('0', 2, 10) + 0),
('cf1cd3357574a6d',	'7723328532',	CONV('0', 2, 10) + 0),
('cf3d7ad7a168367',	'7723328532',	CONV('0', 2, 10) + 0),
('cfc19d2cd75c9d1',	'7723328532',	CONV('0', 2, 10) + 0),
('cfe39bcc362cb8b',	'7723328532',	CONV('0', 2, 10) + 0),
('d1227df6535eb7f',	'7723328532',	CONV('0', 2, 10) + 0),
('d13bb93c32e0491',	'7723328532',	CONV('0', 2, 10) + 0),
('d1a9648de3be4ac',	'7832658080',	CONV('0', 2, 10) + 0),
('d1bcdca1547aa62',	'7723328532',	CONV('0', 2, 10) + 0),
('d216563b12bf9df',	'7723328532',	CONV('0', 2, 10) + 0),
('d340a2ba4f811bd',	'7723328532',	CONV('0', 2, 10) + 0),
('d359ede99dc797d',	'7723328532',	CONV('0', 2, 10) + 0),
('d3a556169faf305',	'7723328532',	CONV('0', 2, 10) + 0),
('d43234cbe19b12b',	'7723328532',	CONV('0', 2, 10) + 0),
('d4e6f8d21c4fcc1',	'7723328532',	CONV('0', 2, 10) + 0),
('d4f9fd6b3d684f5',	'7723328532',	CONV('0', 2, 10) + 0),
('d846271732fd2bb',	'7832658080',	CONV('0', 2, 10) + 0),
('d872bfd2bbd8963',	'7832658080',	CONV('0', 2, 10) + 0),
('d91295e94cbf504',	'7832658080',	CONV('0', 2, 10) + 0),
('da21354dae34cd2',	'7723328532',	CONV('0', 2, 10) + 0),
('db5204c050dcc51',	'7723328532',	CONV('0', 2, 10) + 0),
('db62ed3251c585e',	'7723328532',	CONV('0', 2, 10) + 0),
('db864f46f6d7d4a',	'7723328532',	CONV('0', 2, 10) + 0),
('dc10d6ea6568028',	'7723328532',	CONV('0', 2, 10) + 0),
('dcfc783e3dafbec',	'7723328532',	CONV('0', 2, 10) + 0),
('dd8474cb9817d5f',	'7723328532',	CONV('0', 2, 10) + 0),
('dddd562fb7ee2cb',	'7723328532',	CONV('0', 2, 10) + 0),
('de829c474d5f98e',	'7723328532',	CONV('0', 2, 10) + 0),
('dec6518a12b9a34',	'7723328532',	CONV('0', 2, 10) + 0),
('df27b699f1354aa',	'7723328532',	CONV('0', 2, 10) + 0),
('dff0c336085166b',	'7723328532',	CONV('0', 2, 10) + 0),
('e036ab0626bc361',	'7723328532',	CONV('0', 2, 10) + 0),
('e0e15c6ab9fa74c',	'7832658080',	CONV('0', 2, 10) + 0),
('e15d9e4b1e55fc2',	'7723328532',	CONV('0', 2, 10) + 0),
('e1eccc22964d846',	'7723328532',	CONV('0', 2, 10) + 0),
('e1fa2bb45d41b39',	'7723328532',	CONV('0', 2, 10) + 0),
('e266b7c4e4165e4',	'7723328532',	CONV('0', 2, 10) + 0),
('e2a459f47799730',	'7723328532',	CONV('0', 2, 10) + 0),
('e3106512853027f',	'7723328532',	CONV('0', 2, 10) + 0),
('e42d9382d312fa4',	'7723328532',	CONV('0', 2, 10) + 0),
('e49d1ebf45ad25a',	'7723328532',	CONV('0', 2, 10) + 0),
('e4f157b268263b7',	'7723328532',	CONV('0', 2, 10) + 0),
('e53546f4830ffc8',	'7723328532',	CONV('0', 2, 10) + 0),
('e558f4bc6b054d2',	'7723328532',	CONV('0', 2, 10) + 0),
('e5b8c4bdfeaa1fb',	'7723328532',	CONV('0', 2, 10) + 0),
('e7e427888d2ebf5',	'7723328532',	CONV('0', 2, 10) + 0),
('e85f2cee9e8b946',	'7832658080',	CONV('0', 2, 10) + 0),
('e8ba7dcfec3d726',	'7723328532',	CONV('0', 2, 10) + 0),
('e9ac6f940c2e98b',	'7723328532',	CONV('0', 2, 10) + 0),
('e9b962fc2fab0a5',	'7723328532',	CONV('0', 2, 10) + 0),
('ea2c7a96727d309',	'7832658080',	CONV('0', 2, 10) + 0),
('ea46f29652cb1bf',	'7832658080',	CONV('0', 2, 10) + 0),
('ea66e21c3c34bcc',	'7723328532',	CONV('0', 2, 10) + 0),
('eab16ef0774c65e',	'7723328532',	CONV('0', 2, 10) + 0),
('ec5a6b423e78c1e',	'7723328532',	CONV('0', 2, 10) + 0),
('ec8e2063a645f79',	'7723328532',	CONV('0', 2, 10) + 0),
('ed34b6a3daf0e43',	'7723328532',	CONV('0', 2, 10) + 0),
('ed9088a3dc27afd',	'7723328532',	CONV('0', 2, 10) + 0),
('ed945c7d8b64ed5',	'7832658080',	CONV('0', 2, 10) + 0),
('ee5c2c2e6b38a61',	'7832658080',	CONV('0', 2, 10) + 0),
('ee98f353952c304',	'7723328532',	CONV('0', 2, 10) + 0),
('eea1f53fcd4b2cd',	'7723328532',	CONV('0', 2, 10) + 0),
('eef8389ee1a2856',	'7723328532',	CONV('0', 2, 10) + 0),
('ef080a1430aff1c',	'7723328532',	CONV('0', 2, 10) + 0),
('ef1a4257513a2fc',	'7723328532',	CONV('0', 2, 10) + 0),
('ef2299529726bef',	'7723328532',	CONV('0', 2, 10) + 0),
('ef910aa064dca52',	'7723328532',	CONV('0', 2, 10) + 0),
('f003145cd99db8e',	'7723328532',	CONV('0', 2, 10) + 0),
('f02fa68c744de12',	'7832658080',	CONV('0', 2, 10) + 0),
('f087627d658e53d',	'7723328532',	CONV('0', 2, 10) + 0),
('f08a9264b0990d3',	'7723328532',	CONV('0', 2, 10) + 0),
('f145924d30eea49',	'7723328532',	CONV('0', 2, 10) + 0),
('f1677de03e49b66',	'7723328532',	CONV('0', 2, 10) + 0),
('f1d2b525233d804',	'7723328532',	CONV('0', 2, 10) + 0),
('f1dedd4e403a2c8',	'7723328532',	CONV('0', 2, 10) + 0),
('f25a11ced18dcbe',	'7832658080',	CONV('0', 2, 10) + 0),
('f30b897e63d5b70',	'7723328532',	CONV('0', 2, 10) + 0),
('f331be84db1b22e',	'7723328532',	CONV('0', 2, 10) + 0),
('f4762e229dda53c',	'7723328532',	CONV('0', 2, 10) + 0),
('f511b0101c7c608',	'7723328532',	CONV('0', 2, 10) + 0),
('f73a0617772089a',	'7723328532',	CONV('0', 2, 10) + 0),
('f7c54289265894a',	'7832658080',	CONV('0', 2, 10) + 0),
('f823238fe29cbe8',	'7832658080',	CONV('0', 2, 10) + 0),
('f839170168f76a2',	'7723328532',	CONV('0', 2, 10) + 0),
('f8981abe74990a3',	'7723328532',	CONV('0', 2, 10) + 0),
('f99e5ed715fcdcf',	'7723328532',	CONV('1', 2, 10) + 0),
('fa6b3b88159ab61',	'7723328532',	CONV('0', 2, 10) + 0),
('fb9ea59bf9d3bee',	'7723328532',	CONV('0', 2, 10) + 0),
('fbbadd6d956dc98',	'7723328532',	CONV('0', 2, 10) + 0),
('fc8e81406cabde9',	'7723328532',	CONV('0', 2, 10) + 0),
('fc936eb97576269',	'7832658080',	CONV('0', 2, 10) + 0),
('fcbd00ac5313e8f',	'7832658080',	CONV('1', 2, 10) + 0),
('fd583d12ca0af6c',	'7723328532',	CONV('0', 2, 10) + 0),
('fd8403cf3dd81dd',	'7723328532',	CONV('0', 2, 10) + 0),
('fd8e8aa2aa231c3',	'7723328532',	CONV('0', 2, 10) + 0),
('fe01d4166f240cd',	'7723328532',	CONV('0', 2, 10) + 0),
('fecf8560ec3f453',	'7723328532',	CONV('0', 2, 10) + 0),
('fede8e03d3e0d4e',	'7723328532',	CONV('0', 2, 10) + 0),
('ff9458a38a0360d',	'7723328532',	CONV('0', 2, 10) + 0),
('ffef1e63e4335bc',	'7832658080',	CONV('0', 2, 10) + 0),
('fffa80eaaac5884',	'7723328532',	CONV('0', 2, 10) + 0);

DROP TABLE IF EXISTS `Transaction`;
CREATE TABLE `Transaction` (
  `transactionID` varchar(20) COLLATE latin1_bin NOT NULL,
  `transactionSender` varchar(10) COLLATE latin1_bin NOT NULL,
  `transactionReceiver` varchar(10) COLLATE latin1_bin NOT NULL,
  `transactionAmount` double NOT NULL,
  `transactionTime` datetime NOT NULL,
  `transactionApproved` int(11) NOT NULL DEFAULT '0',
  `transactionToken` varchar(15) COLLATE latin1_bin DEFAULT NULL,
  `transactionDesc` varchar(255) COLLATE latin1_bin DEFAULT NULL,
  PRIMARY KEY (`transactionID`),
  KEY `transactionSender` (`transactionSender`),
  KEY `transactionReceiver` (`transactionReceiver`),
  KEY `transactionToken` (`transactionToken`),
  CONSTRAINT `Transaction_ibfk_3` FOREIGN KEY (`transactionToken`) REFERENCES `Token` (`tokenID`) ON DELETE NO ACTION ON UPDATE NO ACTION,
  CONSTRAINT `Transaction_ibfk_4` FOREIGN KEY (`transactionSender`) REFERENCES `Account` (`accountNumber`) ON DELETE CASCADE ON UPDATE CASCADE,
  CONSTRAINT `Transaction_ibfk_5` FOREIGN KEY (`transactionReceiver`) REFERENCES `Account` (`accountNumber`) ON DELETE CASCADE ON UPDATE CASCADE
) ENGINE=InnoDB DEFAULT CHARSET=latin1 COLLATE=latin1_bin;

INSERT INTO `Transaction` (`transactionID`, `transactionSender`, `transactionReceiver`, `transactionAmount`, `transactionTime`, `transactionApproved`, `transactionToken`, `transactionDesc`) VALUES
('BcpnVSzFGnhIENoNNEDz',	'PB91910725',	'PB61493272',	650,	'2015-01-18 14:42:13',	1,	NULL,	'Trying the OTP'),
('GqshACSBbUeNgLkymPrz',	'PB53817878',	'PB61493272',	10005,	'2014-12-01 22:16:32',	0,	'b2d0c449124aeae',	'Be rich.'),
('IuDCBOlvpwMjuRzjzURU',	'PB53817878',	'PB61493272',	2121,	'2014-12-01 22:15:54',	1,	'fcbd00ac5313e8f',	'Sending some money.'),
('MPhkSsLdXsEKlUwTxxYX',	'PB61493272',	'PB91910725',	10250,	'2014-12-01 22:22:36',	0,	'c113f24d5da88d4',	'Live long and prosper.'),
('OMAswrWsfQnvcPxnvJDN',	'PB61493272',	'PB91910725',	500,	'2015-01-18 13:15:20',	1,	'f99e5ed715fcdcf',	'testing'),
('aZNedDrpkPInGofPjWST',	'PB91910725',	'PB61493272',	50,	'2015-01-18 15:16:48',	1,	NULL,	'how about now'),
('ajFmzqQUSnMZPsSXDMKo',	'PB61493272',	'PB53817878',	500,	'2014-12-01 22:22:36',	1,	'bc7a658e7f6754a',	'Paying you back, tanman.'),
('iu_qcJVscjFFhaijkVSZ',	'PB91910725',	'PB61493272',	650,	'2015-01-18 15:02:06',	1,	NULL,	'testing'),
('mFyEgKtMNQHyLCHBxbZm',	'PB91910725',	'PB61493272',	850,	'2014-12-01 22:29:59',	1,	NULL,	'Supporting the poor bastard.'),
('mGjxTyDLGWGqVsk_Ikuq',	'PB91910725',	'PB53817878',	10400,	'2014-12-01 22:26:57',	1,	NULL,	'Show me the money.'),
('nJCzNSBLhIjIPKwnaVox',	'PB91910725',	'PB61493272',	650,	'2015-01-18 15:01:23',	1,	NULL,	'test'),
('ozbJQTgmgDvEsctPwwoE',	'PB91910725',	'PB53817878',	450,	'2014-12-01 22:29:44',	1,	NULL,	'Here. Have some money.'),
('qHPJEhAyVIONWXuhbVEp',	'PB91910725',	'PB53817878',	10400,	'2014-12-01 22:29:59',	0,	NULL,	'Show me the money.'),
('yuYwYiqruyqOrJhm_Cxg',	'PB91910725',	'PB61493272',	850,	'2014-12-01 22:26:57',	1,	NULL,	'Supporting the poor bastard.');

DROP TABLE IF EXISTS `User`;
CREATE TABLE `User` (
  `userUsername` varchar(50) COLLATE latin1_bin NOT NULL,
  `userPassword` varchar(64) COLLATE latin1_bin NOT NULL,
  `userRole` int(11) NOT NULL,
  `userApproved` bit(1) NOT NULL DEFAULT b'0',
  `userSecurityQuestion` int(11) NOT NULL,
  `userSecurityAnswer` varchar(64) COLLATE latin1_bin DEFAULT NULL,
  PRIMARY KEY (`userUsername`),
  KEY `userRole` (`userRole`),
  KEY `userSecurityQuestion` (`userSecurityQuestion`),
  CONSTRAINT `User_ibfk_1` FOREIGN KEY (`userRole`) REFERENCES `Role` (`roleID`) ON DELETE NO ACTION ON UPDATE NO ACTION,
  CONSTRAINT `User_ibfk_2` FOREIGN KEY (`userSecurityQuestion`) REFERENCES `SecurityQuestion` (`securityQuestionID`) ON UPDATE CASCADE
) ENGINE=InnoDB DEFAULT CHARSET=latin1 COLLATE=latin1_bin;

INSERT INTO `User` (`userUsername`, `userPassword`, `userRole`, `userApproved`, `userSecurityQuestion`, `userSecurityAnswer`) VALUES
('admin',	'4c86df74af64f0db7673444048c0cec4c89a02933e5ac80d3e7fde7df6b11984',	3,	CONV('1', 2, 10) + 0,	1,	'c3ab8ff13720e8ad9047dd39466b3c8974e592c2fa383d4a3960714caef0c4f2'),
('aesalem',	'7e66205badf67cff28cb672dd83d4a85fbb3dcc9906167997094ecda5b3fce8e',	2,	CONV('0', 2, 10) + 0,	1,	'4ef954359de0fa46cc85c8d0a20ffb5cac40ac617826907b85bb3707a3b30fc4'),
('darth',	'7e66205badf67cff28cb672dd83d4a85fbb3dcc9906167997094ecda5b3fce8e',	2,	CONV('1', 2, 10) + 0,	6,	'ecc0e7dc084f141b29479058967d0bc07dee25d9690a98ee4e6fdad5168274d7'),
('foobar',	'a407b1ead1d985bad28330bdcba8fcc94bf8abfa58dfcfa3ca12279cf20dc0cf',	2,	CONV('0', 2, 10) + 0,	1,	'9c15e816069946fbd20bed0935dd9d8e34d64034d657a2b852f8b66ad91af5b6'),
('helen',	'7e66205badf67cff28cb672dd83d4a85fbb3dcc9906167997094ecda5b3fce8e',	1,	CONV('1', 2, 10) + 0,	1,	'54ae780111d5f1c6cee7b545675351784e905a54fe395eec22d5ad7e5641a858'),
('john',	'7e66205badf67cff28cb672dd83d4a85fbb3dcc9906167997094ecda5b3fce8e',	2,	CONV('1', 2, 10) + 0,	6,	'ecc0e7dc084f141b29479058967d0bc07dee25d9690a98ee4e6fdad5168274d7'),
('superuser',	'7e66205badf67cff28cb672dd83d4a85fbb3dcc9906167997094ecda5b3fce8e',	2,	CONV('1', 2, 10) + 0,	1,	'54ae780111d5f1c6cee7b545675351784e905a54fe395eec22d5ad7e5641a858'),
('tanman',	'7e66205badf67cff28cb672dd83d4a85fbb3dcc9906167997094ecda5b3fce8e',	2,	CONV('1', 2, 10) + 0,	1,	'54ae780111d5f1c6cee7b545675351784e905a54fe395eec22d5ad7e5641a858'),
('testingemp',	'7e66205badf67cff28cb672dd83d4a85fbb3dcc9906167997094ecda5b3fce8e',	1,	CONV('0', 2, 10) + 0,	1,	'9c15e816069946fbd20bed0935dd9d8e34d64034d657a2b852f8b66ad91af5b6');

-- 2015-01-18 18:47:58 
