-- Adminer 4.1.0 MySQL dump

SET NAMES utf8;
SET time_zone = '+00:00';
SET foreign_key_checks = 0;
SET sql_mode = 'NO_AUTO_VALUE_ON_ZERO';

DROP DATABASE IF EXISTS `piggybank`;
CREATE DATABASE `piggybank` /*!40100 DEFAULT CHARACTER SET latin1 */;
USE `piggybank`;

DELIMITER ;;

CREATE PROCEDURE `authUser`(IN `iUsername` varchar(50), IN `iPassword` varchar(64), OUT `oRole` varchar(50))
BEGIN
SELECT Role.roleDesc INTO oRole
FROM User INNER JOIN Role
WHERE User.userRole = Role.roleID
AND User.userUsername = iUsername
AND User.userPassword = iPassword
AND User.userApproved = 1;
END;;

DELIMITER ;

DROP TABLE IF EXISTS `Account`;
CREATE TABLE `Account` (
  `accountNumber` varchar(10) COLLATE latin1_bin NOT NULL,
  `accountOwner` varchar(10) COLLATE latin1_bin NOT NULL,
  `accountType` int(11) NOT NULL,
  `accountBalance` double NOT NULL,
  PRIMARY KEY (`accountNumber`),
  KEY `accountOwner` (`accountOwner`),
  CONSTRAINT `Account_ibfk_1` FOREIGN KEY (`accountOwner`) REFERENCES `Customer` (`customerID`) ON DELETE CASCADE
) ENGINE=InnoDB DEFAULT CHARSET=latin1 COLLATE=latin1_bin;

INSERT INTO `Account` (`accountNumber`, `accountOwner`, `accountType`, `accountBalance`) VALUES
('PSct_xcfRB',	'ZTclamUsxG',	0,	4824),
('dhiQDU.VCt',	'UPNqydTGRk',	0,	13000),
('eiaCbrqlXP',	'WqCLlDRhpy',	0,	912),
('gBEgGCVDce',	'_ch.dvaaHu',	0,	2008),
('qyUaeECXj_',	'.qDwnkx.LX',	0,	11001),
('rBU_BmqsdE',	'MXzrxVXvZ.',	0,	1400),
('rYeaCwqeJ_',	'CXIitHVPvz',	0,	8010);

DROP TABLE IF EXISTS `Customer`;
CREATE TABLE `Customer` (
  `customerID` varchar(10) COLLATE latin1_bin NOT NULL,
  `customerName` varchar(256) COLLATE latin1_bin NOT NULL,
  `customerDOB` date NOT NULL,
  `customerEmail` varchar(256) COLLATE latin1_bin NOT NULL,
  `customerAddress` varchar(256) COLLATE latin1_bin DEFAULT NULL,
  `customerUsername` varchar(50) COLLATE latin1_bin NOT NULL,
  PRIMARY KEY (`customerID`),
  KEY `customerUsername` (`customerUsername`),
  CONSTRAINT `Customer_ibfk_1` FOREIGN KEY (`customerUsername`) REFERENCES `User` (`userUsername`) ON DELETE CASCADE
) ENGINE=InnoDB DEFAULT CHARSET=latin1 COLLATE=latin1_bin;

INSERT INTO `Customer` (`customerID`, `customerName`, `customerDOB`, `customerEmail`, `customerAddress`, `customerUsername`) VALUES
('.qDwnkx.LX',	'Sara',	'1985-10-10',	'aleieldin.salem@gmail.com',	'4 street',	'sara'),
('CXIitHVPvz',	'lolly<script>alert(\\\"hey\\\")</script>',	'2011-11-11',	'a@a.com',	'1 main',	'lolly'),
('MXzrxVXvZ.',	'New Customer',	'1986-08-10',	'aleieldin.salem@gmail.com',	'12 Mainst.',	'newcustomer'),
('UPNqydTGRk',	'dexter',	'1986-05-12',	'aleieldin.salem@gmail.com',	'dexter\\\'s lab',	'dexter'),
('WqCLlDRhpy',	'test',	'1970-10-10',	'aleieldin.salem@gmail.com',	'15 street',	'testuser'),
('ZTclamUsxG',	'Darth Vader',	'1952-04-12',	'aleieldin.salem@gmail.com',	'2 Death Star Avenue',	'darthvader'),
('_ch.dvaaHu',	'Sara ElShinnawi',	'1980-12-12',	'sara.shinawi@aucegypt.edu',	'1 bla',	'johndoe');

DROP TABLE IF EXISTS `Employee`;
CREATE TABLE `Employee` (
  `employeeID` varchar(10) COLLATE latin1_bin NOT NULL,
  `employeeName` varchar(50) COLLATE latin1_bin NOT NULL,
  `employeeDOB` date NOT NULL,
  `employeeAddress` varchar(256) COLLATE latin1_bin NOT NULL,
  `employeeEmail` varchar(256) COLLATE latin1_bin NOT NULL,
  `employeeDepartment` int(11) NOT NULL,
  `employeeBranch` int(11) NOT NULL,
  `employeeUsername` varchar(50) COLLATE latin1_bin NOT NULL,
  PRIMARY KEY (`employeeID`),
  KEY `employeeUsername` (`employeeUsername`),
  CONSTRAINT `Employee_ibfk_1` FOREIGN KEY (`employeeUsername`) REFERENCES `User` (`userUsername`) ON DELETE CASCADE
) ENGINE=InnoDB DEFAULT CHARSET=latin1 COLLATE=latin1_bin;

INSERT INTO `Employee` (`employeeID`, `employeeName`, `employeeDOB`, `employeeAddress`, `employeeEmail`, `employeeDepartment`, `employeeBranch`, `employeeUsername`) VALUES
('eAWMqgPUDG',	'Luke Skywalker',	'1980-12-12',	'1 The Empire Ave.',	'aleieldin.salem@gmail.com',	2,	7,	'luke'),
('eOUBvsGnnX',	'New Employee',	'1985-11-17',	'emp',	'aleieldin.salem@gmail.com',	0,	0,	'newemp'),
('eTnfPoWzMO',	'new customer',	'2011-11-11',	'1 man st.',	'new@customer.com',	0,	0,	'conan');

DROP TABLE IF EXISTS `Role`;
CREATE TABLE `Role` (
  `roleID` int(11) NOT NULL AUTO_INCREMENT,
  `roleDesc` varchar(50) NOT NULL,
  PRIMARY KEY (`roleID`)
) ENGINE=InnoDB DEFAULT CHARSET=latin1;

INSERT INTO `Role` (`roleID`, `roleDesc`) VALUES
(1,	'admin'),
(2,	'customer');

DROP TABLE IF EXISTS `Token`;
CREATE TABLE `Token` (
  `tokenID` varchar(15) COLLATE latin1_bin NOT NULL,
  `tokenCustomer` varchar(10) COLLATE latin1_bin NOT NULL,
  `tokenUsed` bit(1) NOT NULL DEFAULT b'0',
  PRIMARY KEY (`tokenID`),
  KEY `tokenCustomer` (`tokenCustomer`),
  CONSTRAINT `Token_ibfk_1` FOREIGN KEY (`tokenCustomer`) REFERENCES `Customer` (`customerID`) ON DELETE CASCADE
) ENGINE=InnoDB DEFAULT CHARSET=latin1 COLLATE=latin1_bin;

INSERT INTO `Token` (`tokenID`, `tokenCustomer`, `tokenUsed`) VALUES
('0011d2bd25e918e',	'_ch.dvaaHu',	CONV('0', 2, 10) + 0),
('0113a0a552ddb9a',	'ZTclamUsxG',	CONV('0', 2, 10) + 0),
('01e5b6263b5c916',	'_ch.dvaaHu',	CONV('0', 2, 10) + 0),
('0213e2bd3679be7',	'_ch.dvaaHu',	CONV('0', 2, 10) + 0),
('0283fbf67641305',	'.qDwnkx.LX',	CONV('0', 2, 10) + 0),
('0284bac45e52543',	'UPNqydTGRk',	CONV('0', 2, 10) + 0),
('02ad684c9e172a7',	'MXzrxVXvZ.',	CONV('0', 2, 10) + 0),
('04b77543126ec9a',	'_ch.dvaaHu',	CONV('0', 2, 10) + 0),
('0545e231705dc75',	'UPNqydTGRk',	CONV('0', 2, 10) + 0),
('0582ef2bc179372',	'WqCLlDRhpy',	CONV('0', 2, 10) + 0),
('06177ecd08b5ec6',	'WqCLlDRhpy',	CONV('0', 2, 10) + 0),
('066d445b9a13688',	'UPNqydTGRk',	CONV('0', 2, 10) + 0),
('06871b4eb9e2404',	'.qDwnkx.LX',	CONV('0', 2, 10) + 0),
('087cfe0205b0fd4',	'UPNqydTGRk',	CONV('0', 2, 10) + 0),
('08d3256cfdf030f',	'_ch.dvaaHu',	CONV('0', 2, 10) + 0),
('08e9d94a513fd2e',	'.qDwnkx.LX',	CONV('0', 2, 10) + 0),
('09817877a4547cb',	'.qDwnkx.LX',	CONV('0', 2, 10) + 0),
('09b33b060ad7817',	'_ch.dvaaHu',	CONV('0', 2, 10) + 0),
('09f39fcfd7f8317',	'UPNqydTGRk',	CONV('0', 2, 10) + 0),
('0acc4f6c20ad806',	'_ch.dvaaHu',	CONV('0', 2, 10) + 0),
('0b66f9e99e5d4dc',	'MXzrxVXvZ.',	CONV('0', 2, 10) + 0),
('0bac13eba269176',	'MXzrxVXvZ.',	CONV('0', 2, 10) + 0),
('0bd5b42b2926e72',	'UPNqydTGRk',	CONV('0', 2, 10) + 0),
('0be8e4308c73aca',	'MXzrxVXvZ.',	CONV('0', 2, 10) + 0),
('0c85e9dbd41e9b7',	'UPNqydTGRk',	CONV('0', 2, 10) + 0),
('0ce69dfa4daae85',	'UPNqydTGRk',	CONV('0', 2, 10) + 0),
('0d0ed199bd0006b',	'.qDwnkx.LX',	CONV('0', 2, 10) + 0),
('0d219f9f99fd7fd',	'ZTclamUsxG',	CONV('0', 2, 10) + 0),
('0da050cd5b92d76',	'WqCLlDRhpy',	CONV('0', 2, 10) + 0),
('0dc097f743ffac0',	'_ch.dvaaHu',	CONV('0', 2, 10) + 0),
('0dc99ffe4940881',	'UPNqydTGRk',	CONV('0', 2, 10) + 0),
('0f2b9d8a76bb0fa',	'MXzrxVXvZ.',	CONV('0', 2, 10) + 0),
('0f53dbc4b10f5a7',	'.qDwnkx.LX',	CONV('0', 2, 10) + 0),
('0f7f55090c5ee87',	'MXzrxVXvZ.',	CONV('0', 2, 10) + 0),
('0fe059a1d7df3f4',	'_ch.dvaaHu',	CONV('0', 2, 10) + 0),
('1000b4c306ebab5',	'_ch.dvaaHu',	CONV('0', 2, 10) + 0),
('10a305e880f4dea',	'.qDwnkx.LX',	CONV('0', 2, 10) + 0),
('10c585cd5149f3f',	'WqCLlDRhpy',	CONV('0', 2, 10) + 0),
('118677de22a98be',	'_ch.dvaaHu',	CONV('0', 2, 10) + 0),
('11ac4fceb026fef',	'WqCLlDRhpy',	CONV('0', 2, 10) + 0),
('12255543f8dab31',	'MXzrxVXvZ.',	CONV('0', 2, 10) + 0),
('1237fb2b74bdc41',	'UPNqydTGRk',	CONV('0', 2, 10) + 0),
('126bf8f35d548a1',	'UPNqydTGRk',	CONV('0', 2, 10) + 0),
('127dc2c2cb62ac3',	'MXzrxVXvZ.',	CONV('0', 2, 10) + 0),
('129746f9cf22cba',	'ZTclamUsxG',	CONV('0', 2, 10) + 0),
('12b25c4fe1ba1ce',	'.qDwnkx.LX',	CONV('0', 2, 10) + 0),
('135e340727d6b9f',	'.qDwnkx.LX',	CONV('0', 2, 10) + 0),
('13c6d6d3df96049',	'UPNqydTGRk',	CONV('0', 2, 10) + 0),
('1416e331badb2f5',	'ZTclamUsxG',	CONV('0', 2, 10) + 0),
('14c01969dd224ed',	'ZTclamUsxG',	CONV('0', 2, 10) + 0),
('14dcc70a184689b',	'.qDwnkx.LX',	CONV('0', 2, 10) + 0),
('14e163f6987de1c',	'.qDwnkx.LX',	CONV('0', 2, 10) + 0),
('151fc60da4e4782',	'UPNqydTGRk',	CONV('0', 2, 10) + 0),
('1540891ec268d81',	'_ch.dvaaHu',	CONV('0', 2, 10) + 0),
('1604156ca5f0ff3',	'UPNqydTGRk',	CONV('0', 2, 10) + 0),
('175a8dd4d7d8453',	'UPNqydTGRk',	CONV('0', 2, 10) + 0),
('184d57ae50e2f15',	'.qDwnkx.LX',	CONV('0', 2, 10) + 0),
('186cd397ab9ea90',	'.qDwnkx.LX',	CONV('0', 2, 10) + 0),
('18a34085306c0d8',	'_ch.dvaaHu',	CONV('0', 2, 10) + 0),
('18a709e76eab725',	'_ch.dvaaHu',	CONV('0', 2, 10) + 0),
('18dc8e1a53aa429',	'MXzrxVXvZ.',	CONV('0', 2, 10) + 0),
('1926f7c65ad40fa',	'ZTclamUsxG',	CONV('0', 2, 10) + 0),
('19572ecaf4b9120',	'ZTclamUsxG',	CONV('0', 2, 10) + 0),
('19cfd0ee4eacfdd',	'WqCLlDRhpy',	CONV('0', 2, 10) + 0),
('19dc0fdb9af5512',	'MXzrxVXvZ.',	CONV('0', 2, 10) + 0),
('19f938363098b3b',	'WqCLlDRhpy',	CONV('0', 2, 10) + 0),
('1a36350a6cce575',	'UPNqydTGRk',	CONV('0', 2, 10) + 0),
('1a5caff7891edf1',	'ZTclamUsxG',	CONV('0', 2, 10) + 0),
('1ab48ead2aacf26',	'WqCLlDRhpy',	CONV('0', 2, 10) + 0),
('1b0f1383a41b3cd',	'.qDwnkx.LX',	CONV('0', 2, 10) + 0),
('1b4a158e3985ed3',	'UPNqydTGRk',	CONV('0', 2, 10) + 0),
('1b6bcdfe7dcee37',	'ZTclamUsxG',	CONV('0', 2, 10) + 0),
('1c61872da8d284a',	'ZTclamUsxG',	CONV('0', 2, 10) + 0),
('1d7225b495a977d',	'UPNqydTGRk',	CONV('0', 2, 10) + 0),
('1d8202d03b1011d',	'_ch.dvaaHu',	CONV('0', 2, 10) + 0),
('1db3bfa5f709bca',	'MXzrxVXvZ.',	CONV('0', 2, 10) + 0),
('1e08df72ef26b2e',	'MXzrxVXvZ.',	CONV('0', 2, 10) + 0),
('1e193c5ead0e4ca',	'WqCLlDRhpy',	CONV('0', 2, 10) + 0),
('1e5ef7a7fec7058',	'ZTclamUsxG',	CONV('0', 2, 10) + 0),
('1eaeab00b7e732e',	'WqCLlDRhpy',	CONV('0', 2, 10) + 0),
('1f74214205a53bb',	'_ch.dvaaHu',	CONV('0', 2, 10) + 0),
('1fddc4333fad628',	'ZTclamUsxG',	CONV('0', 2, 10) + 0),
('20ab8c3798626d1',	'.qDwnkx.LX',	CONV('0', 2, 10) + 0),
('20eac176dd675ca',	'MXzrxVXvZ.',	CONV('0', 2, 10) + 0),
('21c6f1c3105e6db',	'WqCLlDRhpy',	CONV('0', 2, 10) + 0),
('21c9cd1d214a296',	'ZTclamUsxG',	CONV('0', 2, 10) + 0),
('2231b59dab0c96a',	'WqCLlDRhpy',	CONV('0', 2, 10) + 0),
('2331cfdaa5bf8c6',	'ZTclamUsxG',	CONV('0', 2, 10) + 0),
('237f2040a286c7a',	'ZTclamUsxG',	CONV('0', 2, 10) + 0),
('23a60f7d955e140',	'_ch.dvaaHu',	CONV('0', 2, 10) + 0),
('24533411c446237',	'_ch.dvaaHu',	CONV('0', 2, 10) + 0),
('24c1dd356714b4b',	'UPNqydTGRk',	CONV('0', 2, 10) + 0),
('24dfc622efc00ef',	'_ch.dvaaHu',	CONV('0', 2, 10) + 0),
('25ddb5411da0629',	'_ch.dvaaHu',	CONV('0', 2, 10) + 0),
('2608af01a978aa6',	'_ch.dvaaHu',	CONV('0', 2, 10) + 0),
('276557bd018a114',	'MXzrxVXvZ.',	CONV('0', 2, 10) + 0),
('28b0df861af0fac',	'_ch.dvaaHu',	CONV('0', 2, 10) + 0),
('2930b11fcc5314e',	'UPNqydTGRk',	CONV('0', 2, 10) + 0),
('294e7502239c1f5',	'UPNqydTGRk',	CONV('0', 2, 10) + 0),
('2a2ce7c3c9dd226',	'UPNqydTGRk',	CONV('0', 2, 10) + 0),
('2aaaea89c599f6e',	'UPNqydTGRk',	CONV('0', 2, 10) + 0),
('2b121b96a1e9894',	'_ch.dvaaHu',	CONV('0', 2, 10) + 0),
('2b53a19af8e7c63',	'ZTclamUsxG',	CONV('0', 2, 10) + 0),
('2b8da545cf531b2',	'_ch.dvaaHu',	CONV('0', 2, 10) + 0),
('2b9db83e8d5e873',	'MXzrxVXvZ.',	CONV('0', 2, 10) + 0),
('2d9a4c7e351a6c1',	'WqCLlDRhpy',	CONV('0', 2, 10) + 0),
('2d9b9ab991b4079',	'UPNqydTGRk',	CONV('0', 2, 10) + 0),
('2ddbb70761cc336',	'_ch.dvaaHu',	CONV('0', 2, 10) + 0),
('2de496840e1ab21',	'MXzrxVXvZ.',	CONV('0', 2, 10) + 0),
('2e9b67acc9a2b55',	'UPNqydTGRk',	CONV('0', 2, 10) + 0),
('2f9a5a70b8da4c6',	'ZTclamUsxG',	CONV('0', 2, 10) + 0),
('306e5f0610bd2a4',	'UPNqydTGRk',	CONV('0', 2, 10) + 0),
('30bc7f26d0b8c15',	'ZTclamUsxG',	CONV('0', 2, 10) + 0),
('30be4d2bd18ff2a',	'WqCLlDRhpy',	CONV('0', 2, 10) + 0),
('3159314e47d741a',	'MXzrxVXvZ.',	CONV('0', 2, 10) + 0),
('31758d6bff7287a',	'ZTclamUsxG',	CONV('0', 2, 10) + 0),
('3187b6f25b8fcb0',	'MXzrxVXvZ.',	CONV('0', 2, 10) + 0),
('32707575bd596f2',	'.qDwnkx.LX',	CONV('0', 2, 10) + 0),
('328eaf2bc8e3e2f',	'ZTclamUsxG',	CONV('0', 2, 10) + 0),
('32cbd7a683f06d8',	'ZTclamUsxG',	CONV('0', 2, 10) + 0),
('32cd65f6b5a7679',	'MXzrxVXvZ.',	CONV('0', 2, 10) + 0),
('33698302deb8f13',	'MXzrxVXvZ.',	CONV('0', 2, 10) + 0),
('344621b9cfe82dd',	'WqCLlDRhpy',	CONV('0', 2, 10) + 0),
('34f412954edd603',	'WqCLlDRhpy',	CONV('0', 2, 10) + 0),
('3540524720d5d96',	'_ch.dvaaHu',	CONV('0', 2, 10) + 0),
('355bdbe6d54f40d',	'WqCLlDRhpy',	CONV('0', 2, 10) + 0),
('37d336901f0df61',	'MXzrxVXvZ.',	CONV('0', 2, 10) + 0),
('38301f88520d7f8',	'UPNqydTGRk',	CONV('0', 2, 10) + 0),
('385b5bc65ce9dd3',	'UPNqydTGRk',	CONV('0', 2, 10) + 0),
('393d8502c8970c7',	'UPNqydTGRk',	CONV('0', 2, 10) + 0),
('3941d47195fe2b0',	'_ch.dvaaHu',	CONV('0', 2, 10) + 0),
('39facd74d3ea296',	'.qDwnkx.LX',	CONV('0', 2, 10) + 0),
('3a4a001d6544515',	'MXzrxVXvZ.',	CONV('0', 2, 10) + 0),
('3b7acc1a8337201',	'ZTclamUsxG',	CONV('0', 2, 10) + 0),
('3b8125e9718bcaf',	'.qDwnkx.LX',	CONV('0', 2, 10) + 0),
('3b986d1a9c8497d',	'WqCLlDRhpy',	CONV('0', 2, 10) + 0),
('3c4337f326b47e8',	'.qDwnkx.LX',	CONV('0', 2, 10) + 0),
('3c69d20f2d5f0a5',	'UPNqydTGRk',	CONV('0', 2, 10) + 0),
('3cd72a2b1ad020d',	'WqCLlDRhpy',	CONV('0', 2, 10) + 0),
('3d1006d62c6e789',	'WqCLlDRhpy',	CONV('0', 2, 10) + 0),
('3d4dee802ea1333',	'ZTclamUsxG',	CONV('0', 2, 10) + 0),
('3d50882d3749949',	'WqCLlDRhpy',	CONV('0', 2, 10) + 0),
('3e1891f4ba37c61',	'UPNqydTGRk',	CONV('0', 2, 10) + 0),
('401c9e1b08eb66e',	'WqCLlDRhpy',	CONV('0', 2, 10) + 0),
('405e40652185457',	'UPNqydTGRk',	CONV('0', 2, 10) + 0),
('40a751125954bc7',	'UPNqydTGRk',	CONV('0', 2, 10) + 0),
('40bc9527b2ae693',	'ZTclamUsxG',	CONV('0', 2, 10) + 0),
('410ab4e65e6d508',	'UPNqydTGRk',	CONV('0', 2, 10) + 0),
('4145fa1b80b80eb',	'WqCLlDRhpy',	CONV('0', 2, 10) + 0),
('42bc06f432c454b',	'WqCLlDRhpy',	CONV('0', 2, 10) + 0),
('430ce184baf1a23',	'MXzrxVXvZ.',	CONV('0', 2, 10) + 0),
('44338e7a9d8c818',	'UPNqydTGRk',	CONV('0', 2, 10) + 0),
('445b14e017beb8c',	'WqCLlDRhpy',	CONV('0', 2, 10) + 0),
('447164cb9c18379',	'MXzrxVXvZ.',	CONV('0', 2, 10) + 0),
('44b91be49bd391c',	'.qDwnkx.LX',	CONV('0', 2, 10) + 0),
('44e778d0e4a46f9',	'UPNqydTGRk',	CONV('0', 2, 10) + 0),
('45c3fd9cd328fa9',	'_ch.dvaaHu',	CONV('0', 2, 10) + 0),
('45ed56c072208cb',	'ZTclamUsxG',	CONV('0', 2, 10) + 0),
('468b29a753b7699',	'MXzrxVXvZ.',	CONV('0', 2, 10) + 0),
('4694126feaab8a0',	'UPNqydTGRk',	CONV('0', 2, 10) + 0),
('473f5326fd5c1c0',	'_ch.dvaaHu',	CONV('0', 2, 10) + 0),
('47ce122471f6802',	'ZTclamUsxG',	CONV('0', 2, 10) + 0),
('47e52298ae1fcc2',	'WqCLlDRhpy',	CONV('0', 2, 10) + 0),
('47f32ad95fa7631',	'.qDwnkx.LX',	CONV('0', 2, 10) + 0),
('48060fe31a1c122',	'WqCLlDRhpy',	CONV('0', 2, 10) + 0),
('48d40d1ccc1bd95',	'UPNqydTGRk',	CONV('0', 2, 10) + 0),
('49177672c2e7458',	'WqCLlDRhpy',	CONV('0', 2, 10) + 0),
('494cba69fe0c86b',	'UPNqydTGRk',	CONV('0', 2, 10) + 0),
('49a5f1f2d3b308f',	'_ch.dvaaHu',	CONV('0', 2, 10) + 0),
('4ac80ef2e450126',	'WqCLlDRhpy',	CONV('0', 2, 10) + 0),
('4b6d6cffa5c3639',	'.qDwnkx.LX',	CONV('0', 2, 10) + 0),
('4b77f0553612df7',	'WqCLlDRhpy',	CONV('0', 2, 10) + 0),
('4bb587505150774',	'ZTclamUsxG',	CONV('0', 2, 10) + 0),
('4be33548108d643',	'.qDwnkx.LX',	CONV('0', 2, 10) + 0),
('4bf059f74de1911',	'MXzrxVXvZ.',	CONV('0', 2, 10) + 0),
('4c1708aba74caad',	'MXzrxVXvZ.',	CONV('0', 2, 10) + 0),
('4c3b9ba9f17d976',	'.qDwnkx.LX',	CONV('0', 2, 10) + 0),
('4cd2b82b3a8d498',	'MXzrxVXvZ.',	CONV('0', 2, 10) + 0),
('4db44406359cdf0',	'UPNqydTGRk',	CONV('0', 2, 10) + 0),
('4dcc31665a42b0e',	'ZTclamUsxG',	CONV('0', 2, 10) + 0),
('4e1c845aa31c489',	'_ch.dvaaHu',	CONV('0', 2, 10) + 0),
('4f454a3e3553adb',	'ZTclamUsxG',	CONV('0', 2, 10) + 0),
('4f72b2920cdb8bc',	'MXzrxVXvZ.',	CONV('0', 2, 10) + 0),
('4f88da8ca09825c',	'_ch.dvaaHu',	CONV('0', 2, 10) + 0),
('4ff29255712bab7',	'.qDwnkx.LX',	CONV('0', 2, 10) + 0),
('5005de942699dff',	'MXzrxVXvZ.',	CONV('0', 2, 10) + 0),
('503e54241f10f76',	'MXzrxVXvZ.',	CONV('0', 2, 10) + 0),
('50402aa8a8a4b6e',	'.qDwnkx.LX',	CONV('0', 2, 10) + 0),
('511b96429b76b93',	'_ch.dvaaHu',	CONV('0', 2, 10) + 0),
('512433977a3c818',	'_ch.dvaaHu',	CONV('0', 2, 10) + 0),
('5305ba68c3c8d0d',	'ZTclamUsxG',	CONV('0', 2, 10) + 0),
('5467234e56d23ee',	'MXzrxVXvZ.',	CONV('0', 2, 10) + 0),
('54d10ef3b966aea',	'UPNqydTGRk',	CONV('0', 2, 10) + 0),
('55c3624c64f774e',	'WqCLlDRhpy',	CONV('0', 2, 10) + 0),
('572009f984b09a4',	'ZTclamUsxG',	CONV('0', 2, 10) + 0),
('57931072f8fa128',	'ZTclamUsxG',	CONV('0', 2, 10) + 0),
('57d52df0a7bf336',	'_ch.dvaaHu',	CONV('0', 2, 10) + 0),
('57e0f391b058bab',	'_ch.dvaaHu',	CONV('0', 2, 10) + 0),
('586fc41b92619a8',	'UPNqydTGRk',	CONV('0', 2, 10) + 0),
('58735551b822020',	'.qDwnkx.LX',	CONV('0', 2, 10) + 0),
('589ff255ea3fa87',	'UPNqydTGRk',	CONV('0', 2, 10) + 0),
('58bde0b2eb6c4b6',	'ZTclamUsxG',	CONV('0', 2, 10) + 0),
('591784bed888744',	'_ch.dvaaHu',	CONV('0', 2, 10) + 0),
('598d52651f41e71',	'_ch.dvaaHu',	CONV('0', 2, 10) + 0),
('5990f20c2b11a11',	'ZTclamUsxG',	CONV('0', 2, 10) + 0),
('5a02d5ebcb7fe84',	'UPNqydTGRk',	CONV('0', 2, 10) + 0),
('5a57fde6dad288f',	'.qDwnkx.LX',	CONV('0', 2, 10) + 0),
('5ad701770911406',	'ZTclamUsxG',	CONV('0', 2, 10) + 0),
('5b2a1da49d7a447',	'UPNqydTGRk',	CONV('0', 2, 10) + 0),
('5b341aed4fa51f6',	'MXzrxVXvZ.',	CONV('0', 2, 10) + 0),
('5bb9f67ea85bbac',	'_ch.dvaaHu',	CONV('0', 2, 10) + 0),
('5bd70860bfa8655',	'WqCLlDRhpy',	CONV('0', 2, 10) + 0),
('5c39744ff6ef949',	'.qDwnkx.LX',	CONV('0', 2, 10) + 0),
('5d8cca0f80b1c10',	'MXzrxVXvZ.',	CONV('0', 2, 10) + 0),
('5d8d801f3194a50',	'UPNqydTGRk',	CONV('0', 2, 10) + 0),
('5d9a198c4bb0a2c',	'ZTclamUsxG',	CONV('0', 2, 10) + 0),
('5e019e6252f4068',	'MXzrxVXvZ.',	CONV('0', 2, 10) + 0),
('5e3c8052ba723b8',	'ZTclamUsxG',	CONV('0', 2, 10) + 0),
('5f25aeadaf71fba',	'_ch.dvaaHu',	CONV('0', 2, 10) + 0),
('600cf3828ee40dc',	'_ch.dvaaHu',	CONV('0', 2, 10) + 0),
('6040204a12c1872',	'MXzrxVXvZ.',	CONV('0', 2, 10) + 0),
('605a1d0c04c58a6',	'.qDwnkx.LX',	CONV('0', 2, 10) + 0),
('60863426add743c',	'ZTclamUsxG',	CONV('0', 2, 10) + 0),
('60cbcf52e7a8706',	'.qDwnkx.LX',	CONV('0', 2, 10) + 0),
('60da318d05fb4cf',	'MXzrxVXvZ.',	CONV('0', 2, 10) + 0),
('62256698207a07d',	'WqCLlDRhpy',	CONV('0', 2, 10) + 0),
('623aed6edfd450b',	'UPNqydTGRk',	CONV('0', 2, 10) + 0),
('6281d2d52ff2a72',	'ZTclamUsxG',	CONV('0', 2, 10) + 0),
('6405f30306c1611',	'_ch.dvaaHu',	CONV('0', 2, 10) + 0),
('64f81782a283d11',	'WqCLlDRhpy',	CONV('0', 2, 10) + 0),
('654e0bd49b2612b',	'.qDwnkx.LX',	CONV('0', 2, 10) + 0),
('65c1e75d5ad59d8',	'.qDwnkx.LX',	CONV('0', 2, 10) + 0),
('662fd1ef920883a',	'WqCLlDRhpy',	CONV('0', 2, 10) + 0),
('66325f3efb36a65',	'WqCLlDRhpy',	CONV('0', 2, 10) + 0),
('67ab15e5c7f4b5f',	'ZTclamUsxG',	CONV('0', 2, 10) + 0),
('6830b1646005b61',	'WqCLlDRhpy',	CONV('0', 2, 10) + 0),
('6833780b861204d',	'WqCLlDRhpy',	CONV('0', 2, 10) + 0),
('68360876e4981eb',	'UPNqydTGRk',	CONV('0', 2, 10) + 0),
('685812550f43ffd',	'WqCLlDRhpy',	CONV('0', 2, 10) + 0),
('68a87aa7c16add2',	'_ch.dvaaHu',	CONV('0', 2, 10) + 0),
('690425d41bc0be8',	'MXzrxVXvZ.',	CONV('0', 2, 10) + 0),
('6b0a621709c40f5',	'MXzrxVXvZ.',	CONV('0', 2, 10) + 0),
('6b3413d44cf2199',	'ZTclamUsxG',	CONV('0', 2, 10) + 0),
('6b73eaae21678cb',	'ZTclamUsxG',	CONV('0', 2, 10) + 0),
('6be16b897d87687',	'MXzrxVXvZ.',	CONV('0', 2, 10) + 0),
('6c06f4a111fc5e8',	'WqCLlDRhpy',	CONV('0', 2, 10) + 0),
('6c637d39e6d253c',	'WqCLlDRhpy',	CONV('0', 2, 10) + 0),
('6c904d4451dce55',	'ZTclamUsxG',	CONV('0', 2, 10) + 0),
('6cc023cd379c209',	'ZTclamUsxG',	CONV('0', 2, 10) + 0),
('6ce2d88715b5548',	'MXzrxVXvZ.',	CONV('0', 2, 10) + 0),
('6d7bdfffe0bc1fb',	'_ch.dvaaHu',	CONV('0', 2, 10) + 0),
('6e52b1e9bb1b4bb',	'ZTclamUsxG',	CONV('0', 2, 10) + 0),
('6e79e57608a15a4',	'.qDwnkx.LX',	CONV('0', 2, 10) + 0),
('6f2ecd30d02339a',	'_ch.dvaaHu',	CONV('0', 2, 10) + 0),
('6fb1d3f45976d89',	'UPNqydTGRk',	CONV('0', 2, 10) + 0),
('6fd2eee8c09e0d3',	'_ch.dvaaHu',	CONV('0', 2, 10) + 0),
('702ebfd5a627c5b',	'_ch.dvaaHu',	CONV('0', 2, 10) + 0),
('71a875102a41acc',	'MXzrxVXvZ.',	CONV('0', 2, 10) + 0),
('71df1d380351d87',	'WqCLlDRhpy',	CONV('0', 2, 10) + 0),
('72cf3b23cf6031a',	'WqCLlDRhpy',	CONV('0', 2, 10) + 0),
('73a30b3dfb6aeae',	'MXzrxVXvZ.',	CONV('0', 2, 10) + 0),
('73dfff1534b53d0',	'ZTclamUsxG',	CONV('0', 2, 10) + 0),
('74f46fc2cdba6c1',	'_ch.dvaaHu',	CONV('0', 2, 10) + 0),
('7580da15daeba29',	'UPNqydTGRk',	CONV('0', 2, 10) + 0),
('75e3510ffa07de3',	'.qDwnkx.LX',	CONV('0', 2, 10) + 0),
('75f1f9ab1586374',	'MXzrxVXvZ.',	CONV('0', 2, 10) + 0),
('75fab082c9b4c9e',	'WqCLlDRhpy',	CONV('0', 2, 10) + 0),
('7715cc130305193',	'WqCLlDRhpy',	CONV('0', 2, 10) + 0),
('7742d576b7d8df8',	'_ch.dvaaHu',	CONV('0', 2, 10) + 0),
('775ab4818f7c066',	'MXzrxVXvZ.',	CONV('0', 2, 10) + 0),
('77e5469ba392424',	'UPNqydTGRk',	CONV('0', 2, 10) + 0),
('77efa6ff624a7ef',	'MXzrxVXvZ.',	CONV('0', 2, 10) + 0),
('7869335682827bb',	'.qDwnkx.LX',	CONV('0', 2, 10) + 0),
('78eb260fade3f4c',	'MXzrxVXvZ.',	CONV('0', 2, 10) + 0),
('79c353861c00c0a',	'_ch.dvaaHu',	CONV('0', 2, 10) + 0),
('7a19e7702ea5533',	'WqCLlDRhpy',	CONV('0', 2, 10) + 0),
('7a2122f1147f43f',	'_ch.dvaaHu',	CONV('0', 2, 10) + 0),
('7a243d6381b05c0',	'MXzrxVXvZ.',	CONV('0', 2, 10) + 0),
('7a4f481456f1c7c',	'UPNqydTGRk',	CONV('0', 2, 10) + 0),
('7a589bd5e20f4aa',	'MXzrxVXvZ.',	CONV('0', 2, 10) + 0),
('7a63e67e52b6906',	'UPNqydTGRk',	CONV('0', 2, 10) + 0),
('7ae5c6ee487d505',	'_ch.dvaaHu',	CONV('0', 2, 10) + 0),
('7bc3761d4d425c3',	'ZTclamUsxG',	CONV('0', 2, 10) + 0),
('7bcbe96ead30c3f',	'WqCLlDRhpy',	CONV('0', 2, 10) + 0),
('7cd1763c3b045e4',	'MXzrxVXvZ.',	CONV('0', 2, 10) + 0),
('7cef297a8632542',	'MXzrxVXvZ.',	CONV('1', 2, 10) + 0),
('7d9400955733648',	'UPNqydTGRk',	CONV('0', 2, 10) + 0),
('7dd5e4e6dbc386a',	'.qDwnkx.LX',	CONV('0', 2, 10) + 0),
('7e06bdce584fb63',	'WqCLlDRhpy',	CONV('0', 2, 10) + 0),
('7e2d786f956293b',	'WqCLlDRhpy',	CONV('0', 2, 10) + 0),
('7e58cf73de6eb95',	'_ch.dvaaHu',	CONV('0', 2, 10) + 0),
('7e75f6f2ea31006',	'MXzrxVXvZ.',	CONV('0', 2, 10) + 0),
('7e94b1cfd55cbd0',	'WqCLlDRhpy',	CONV('0', 2, 10) + 0),
('7eec72b2f697bac',	'MXzrxVXvZ.',	CONV('0', 2, 10) + 0),
('7f1e1da51676515',	'ZTclamUsxG',	CONV('0', 2, 10) + 0),
('80690671bde505d',	'.qDwnkx.LX',	CONV('0', 2, 10) + 0),
('80be7ef57464278',	'WqCLlDRhpy',	CONV('0', 2, 10) + 0),
('80d8ac51458be33',	'_ch.dvaaHu',	CONV('0', 2, 10) + 0),
('8112540d8bf96e7',	'MXzrxVXvZ.',	CONV('0', 2, 10) + 0),
('81afb7e1114f6cb',	'ZTclamUsxG',	CONV('0', 2, 10) + 0),
('81b03fcf4dc9d71',	'_ch.dvaaHu',	CONV('0', 2, 10) + 0),
('81d8117260fd958',	'_ch.dvaaHu',	CONV('0', 2, 10) + 0),
('82216efc309492b',	'MXzrxVXvZ.',	CONV('0', 2, 10) + 0),
('82c3398582badac',	'ZTclamUsxG',	CONV('0', 2, 10) + 0),
('8305db42cd130e7',	'MXzrxVXvZ.',	CONV('0', 2, 10) + 0),
('836cb6d23b261d1',	'MXzrxVXvZ.',	CONV('0', 2, 10) + 0),
('83851077c3a9625',	'ZTclamUsxG',	CONV('0', 2, 10) + 0),
('83b0bbfb99bd169',	'.qDwnkx.LX',	CONV('0', 2, 10) + 0),
('83caaca6248a0e7',	'ZTclamUsxG',	CONV('0', 2, 10) + 0),
('8431285ac7e2286',	'.qDwnkx.LX',	CONV('0', 2, 10) + 0),
('8489a1643ab6f00',	'MXzrxVXvZ.',	CONV('0', 2, 10) + 0),
('84b561c3f1920e2',	'.qDwnkx.LX',	CONV('0', 2, 10) + 0),
('8514a73cc1e6dec',	'.qDwnkx.LX',	CONV('0', 2, 10) + 0),
('852f9fa001dbdb8',	'ZTclamUsxG',	CONV('0', 2, 10) + 0),
('85c547e771e5eb8',	'.qDwnkx.LX',	CONV('0', 2, 10) + 0),
('85e677325663e53',	'WqCLlDRhpy',	CONV('0', 2, 10) + 0),
('85ec3fd24868ecc',	'.qDwnkx.LX',	CONV('0', 2, 10) + 0),
('85f996e47503c2c',	'ZTclamUsxG',	CONV('0', 2, 10) + 0),
('8607f53f3ec7d3f',	'ZTclamUsxG',	CONV('0', 2, 10) + 0),
('8682b00c766c3fc',	'ZTclamUsxG',	CONV('0', 2, 10) + 0),
('8690d237619c040',	'MXzrxVXvZ.',	CONV('0', 2, 10) + 0),
('873dbfc91b51fda',	'_ch.dvaaHu',	CONV('0', 2, 10) + 0),
('87bd3e496cac729',	'ZTclamUsxG',	CONV('0', 2, 10) + 0),
('87c884de7ec1f15',	'MXzrxVXvZ.',	CONV('0', 2, 10) + 0),
('8807fd08dc86881',	'WqCLlDRhpy',	CONV('0', 2, 10) + 0),
('88ac129bf0cd661',	'MXzrxVXvZ.',	CONV('0', 2, 10) + 0),
('88eac7e63370122',	'ZTclamUsxG',	CONV('0', 2, 10) + 0),
('896f9532c404f00',	'.qDwnkx.LX',	CONV('0', 2, 10) + 0),
('89cb12b3aefeee5',	'MXzrxVXvZ.',	CONV('0', 2, 10) + 0),
('8af660a9a2a66ba',	'.qDwnkx.LX',	CONV('0', 2, 10) + 0),
('8b47735668b7bf8',	'WqCLlDRhpy',	CONV('0', 2, 10) + 0),
('8b6c74eae4134e7',	'UPNqydTGRk',	CONV('0', 2, 10) + 0),
('8b9d86775e8fa46',	'UPNqydTGRk',	CONV('0', 2, 10) + 0),
('8c75c49ad92063f',	'_ch.dvaaHu',	CONV('0', 2, 10) + 0),
('8d2455460c681fe',	'.qDwnkx.LX',	CONV('0', 2, 10) + 0),
('8d3d4ea4556036d',	'MXzrxVXvZ.',	CONV('0', 2, 10) + 0),
('8d708da6457a57f',	'UPNqydTGRk',	CONV('0', 2, 10) + 0),
('8ddeb1481dde026',	'WqCLlDRhpy',	CONV('0', 2, 10) + 0),
('8de869de52390eb',	'ZTclamUsxG',	CONV('0', 2, 10) + 0),
('8dfb55c93544e8d',	'.qDwnkx.LX',	CONV('0', 2, 10) + 0),
('8dfd6aab6530011',	'.qDwnkx.LX',	CONV('0', 2, 10) + 0),
('8ecc01de6e61f28',	'MXzrxVXvZ.',	CONV('0', 2, 10) + 0),
('8f16ebe1b79fb76',	'UPNqydTGRk',	CONV('0', 2, 10) + 0),
('8f63e03e3e68146',	'MXzrxVXvZ.',	CONV('0', 2, 10) + 0),
('8fd0bb8ff40b94b',	'UPNqydTGRk',	CONV('0', 2, 10) + 0),
('90c0eb3be64b6e3',	'.qDwnkx.LX',	CONV('1', 2, 10) + 0),
('91024e8d40d7749',	'MXzrxVXvZ.',	CONV('0', 2, 10) + 0),
('92d572748333cef',	'UPNqydTGRk',	CONV('0', 2, 10) + 0),
('930f6908bb77c40',	'ZTclamUsxG',	CONV('0', 2, 10) + 0),
('9324cd1ec9f5a69',	'WqCLlDRhpy',	CONV('0', 2, 10) + 0),
('935e158a7b59753',	'MXzrxVXvZ.',	CONV('0', 2, 10) + 0),
('93a3e6b9ada5c02',	'_ch.dvaaHu',	CONV('0', 2, 10) + 0),
('93bd84c4d247b91',	'UPNqydTGRk',	CONV('0', 2, 10) + 0),
('94975dbfc841b71',	'_ch.dvaaHu',	CONV('0', 2, 10) + 0),
('95540fcba944c32',	'MXzrxVXvZ.',	CONV('0', 2, 10) + 0),
('956a1add18296cd',	'UPNqydTGRk',	CONV('0', 2, 10) + 0),
('95bb265bec620ee',	'.qDwnkx.LX',	CONV('1', 2, 10) + 0),
('95cd66a44af265b',	'.qDwnkx.LX',	CONV('0', 2, 10) + 0),
('9606a0397c57afd',	'ZTclamUsxG',	CONV('0', 2, 10) + 0),
('9728f635ef6642c',	'_ch.dvaaHu',	CONV('0', 2, 10) + 0),
('9738e94fe9b193b',	'.qDwnkx.LX',	CONV('0', 2, 10) + 0),
('991eb7536ba066f',	'ZTclamUsxG',	CONV('0', 2, 10) + 0),
('994154e6b53c538',	'UPNqydTGRk',	CONV('0', 2, 10) + 0),
('996b860531b03f1',	'_ch.dvaaHu',	CONV('0', 2, 10) + 0),
('99e625e926a3d75',	'UPNqydTGRk',	CONV('0', 2, 10) + 0),
('9a0a5d2a3a74c18',	'UPNqydTGRk',	CONV('0', 2, 10) + 0),
('9b6e9b6b0f336f3',	'_ch.dvaaHu',	CONV('0', 2, 10) + 0),
('9c1804268a441eb',	'ZTclamUsxG',	CONV('0', 2, 10) + 0),
('9d432905ffba05f',	'.qDwnkx.LX',	CONV('0', 2, 10) + 0),
('9dd82a2e1dab8a7',	'_ch.dvaaHu',	CONV('0', 2, 10) + 0),
('9e899e4d6aa4690',	'_ch.dvaaHu',	CONV('0', 2, 10) + 0),
('a0ca2ec488b2390',	'UPNqydTGRk',	CONV('0', 2, 10) + 0),
('a10e0b944997f7e',	'UPNqydTGRk',	CONV('0', 2, 10) + 0),
('a1a9ffc8d8b1591',	'_ch.dvaaHu',	CONV('0', 2, 10) + 0),
('a1c49945fb2ba53',	'_ch.dvaaHu',	CONV('0', 2, 10) + 0),
('a1dbd262bb17e7f',	'.qDwnkx.LX',	CONV('0', 2, 10) + 0),
('a29ba1c73ac672e',	'MXzrxVXvZ.',	CONV('0', 2, 10) + 0),
('a2ba91d932366d7',	'WqCLlDRhpy',	CONV('0', 2, 10) + 0),
('a318e8e94ae6fa0',	'_ch.dvaaHu',	CONV('0', 2, 10) + 0),
('a3336faa38eb204',	'WqCLlDRhpy',	CONV('0', 2, 10) + 0),
('a3a61d9bce005d4',	'.qDwnkx.LX',	CONV('0', 2, 10) + 0),
('a3fd83a2cb5e937',	'MXzrxVXvZ.',	CONV('0', 2, 10) + 0),
('a44aa9402991163',	'_ch.dvaaHu',	CONV('0', 2, 10) + 0),
('a4e383b88a6d546',	'WqCLlDRhpy',	CONV('0', 2, 10) + 0),
('a56cce5c71029fb',	'MXzrxVXvZ.',	CONV('0', 2, 10) + 0),
('a621dff49be813b',	'UPNqydTGRk',	CONV('1', 2, 10) + 0),
('a627a012f8d56b7',	'UPNqydTGRk',	CONV('0', 2, 10) + 0),
('a66dc314885a823',	'UPNqydTGRk',	CONV('0', 2, 10) + 0),
('a68c1be08100074',	'UPNqydTGRk',	CONV('0', 2, 10) + 0),
('a6be8c3bbd45ea0',	'_ch.dvaaHu',	CONV('0', 2, 10) + 0),
('a7aa42845cfaefa',	'WqCLlDRhpy',	CONV('0', 2, 10) + 0),
('a7ad20b39cb8f87',	'MXzrxVXvZ.',	CONV('0', 2, 10) + 0),
('a84c73b288f837e',	'_ch.dvaaHu',	CONV('0', 2, 10) + 0),
('a8b9940869522b7',	'_ch.dvaaHu',	CONV('0', 2, 10) + 0),
('a8dbdfa8cd02240',	'WqCLlDRhpy',	CONV('0', 2, 10) + 0),
('a9242d678839746',	'UPNqydTGRk',	CONV('0', 2, 10) + 0),
('a94856cb1ec7d47',	'MXzrxVXvZ.',	CONV('0', 2, 10) + 0),
('a97638c04607f08',	'WqCLlDRhpy',	CONV('0', 2, 10) + 0),
('a999d9e18fbe800',	'.qDwnkx.LX',	CONV('0', 2, 10) + 0),
('a9ca4f42ef85902',	'ZTclamUsxG',	CONV('0', 2, 10) + 0),
('aab0005bccd7338',	'ZTclamUsxG',	CONV('0', 2, 10) + 0),
('ab34dab4a4b92c0',	'.qDwnkx.LX',	CONV('0', 2, 10) + 0),
('abca529b2d314ed',	'MXzrxVXvZ.',	CONV('0', 2, 10) + 0),
('ac536826649fc57',	'MXzrxVXvZ.',	CONV('0', 2, 10) + 0),
('acc9630c331b8bd',	'.qDwnkx.LX',	CONV('0', 2, 10) + 0),
('ad7d65c43a32d50',	'ZTclamUsxG',	CONV('0', 2, 10) + 0),
('ad9c97b838cd312',	'.qDwnkx.LX',	CONV('0', 2, 10) + 0),
('adb5b2c9735d2dd',	'WqCLlDRhpy',	CONV('0', 2, 10) + 0),
('ae68b84f6f0c2bd',	'UPNqydTGRk',	CONV('0', 2, 10) + 0),
('ae927545ec6a72c',	'_ch.dvaaHu',	CONV('0', 2, 10) + 0),
('aea44ad103293f8',	'.qDwnkx.LX',	CONV('0', 2, 10) + 0),
('aeb8ba3923bd214',	'UPNqydTGRk',	CONV('0', 2, 10) + 0),
('af1f816d85cf772',	'UPNqydTGRk',	CONV('0', 2, 10) + 0),
('af6a1c74e08099e',	'ZTclamUsxG',	CONV('0', 2, 10) + 0),
('afbf86f7e955903',	'_ch.dvaaHu',	CONV('0', 2, 10) + 0),
('b0be1af7c05deb9',	'.qDwnkx.LX',	CONV('0', 2, 10) + 0),
('b1c19a261ef21c1',	'WqCLlDRhpy',	CONV('1', 2, 10) + 0),
('b24ccb4c1be4193',	'ZTclamUsxG',	CONV('0', 2, 10) + 0),
('b379aeed14cd8e3',	'.qDwnkx.LX',	CONV('0', 2, 10) + 0),
('b3a6f100d7a6a26',	'UPNqydTGRk',	CONV('0', 2, 10) + 0),
('b568e1a8f9639d3',	'WqCLlDRhpy',	CONV('0', 2, 10) + 0),
('b59bfe255c839a1',	'UPNqydTGRk',	CONV('0', 2, 10) + 0),
('b7a38788d7493f5',	'UPNqydTGRk',	CONV('0', 2, 10) + 0),
('b7ce5ce74f4c254',	'.qDwnkx.LX',	CONV('0', 2, 10) + 0),
('b8121c75b06ba7d',	'.qDwnkx.LX',	CONV('0', 2, 10) + 0),
('b820c548cc75e65',	'ZTclamUsxG',	CONV('0', 2, 10) + 0),
('b864cf506f3fc92',	'WqCLlDRhpy',	CONV('1', 2, 10) + 0),
('b87f274cd0ef80f',	'.qDwnkx.LX',	CONV('0', 2, 10) + 0),
('b8c4f1e3bc10f3e',	'MXzrxVXvZ.',	CONV('0', 2, 10) + 0),
('b8cccb15c707b04',	'UPNqydTGRk',	CONV('0', 2, 10) + 0),
('b8d0b7497569c71',	'UPNqydTGRk',	CONV('0', 2, 10) + 0),
('b98c36a82e4e52d',	'.qDwnkx.LX',	CONV('0', 2, 10) + 0),
('ba7197e0273b15f',	'MXzrxVXvZ.',	CONV('0', 2, 10) + 0),
('baae2bc256751cc',	'ZTclamUsxG',	CONV('0', 2, 10) + 0),
('bb2a0dc84672a3b',	'MXzrxVXvZ.',	CONV('0', 2, 10) + 0),
('bc2110d898505ea',	'WqCLlDRhpy',	CONV('0', 2, 10) + 0),
('bc781cfcfceb1e5',	'UPNqydTGRk',	CONV('0', 2, 10) + 0),
('bdc9ad9e5ea12d4',	'MXzrxVXvZ.',	CONV('0', 2, 10) + 0),
('bed429334b1cc53',	'_ch.dvaaHu',	CONV('0', 2, 10) + 0),
('c00da8b202adc37',	'MXzrxVXvZ.',	CONV('0', 2, 10) + 0),
('c119e16918d919a',	'.qDwnkx.LX',	CONV('0', 2, 10) + 0),
('c1b2e08865b3bc8',	'MXzrxVXvZ.',	CONV('0', 2, 10) + 0),
('c1c92425845a21c',	'_ch.dvaaHu',	CONV('0', 2, 10) + 0),
('c2059e510021666',	'ZTclamUsxG',	CONV('0', 2, 10) + 0),
('c2300b6cafc84e0',	'.qDwnkx.LX',	CONV('1', 2, 10) + 0),
('c2593759bf1d912',	'MXzrxVXvZ.',	CONV('0', 2, 10) + 0),
('c3266e9bbd60f35',	'MXzrxVXvZ.',	CONV('0', 2, 10) + 0),
('c330783ffa5c2cc',	'_ch.dvaaHu',	CONV('0', 2, 10) + 0),
('c3728ad59e2c3e7',	'_ch.dvaaHu',	CONV('0', 2, 10) + 0),
('c37b3cc45612fdc',	'WqCLlDRhpy',	CONV('0', 2, 10) + 0),
('c385723a6c97d30',	'MXzrxVXvZ.',	CONV('0', 2, 10) + 0),
('c3addc1f540079e',	'.qDwnkx.LX',	CONV('0', 2, 10) + 0),
('c3c7019f78afdae',	'.qDwnkx.LX',	CONV('0', 2, 10) + 0),
('c4838911effa775',	'_ch.dvaaHu',	CONV('0', 2, 10) + 0),
('c4e81d082194193',	'ZTclamUsxG',	CONV('0', 2, 10) + 0),
('c4ffa88cf63ebb8',	'UPNqydTGRk',	CONV('0', 2, 10) + 0),
('c6663a39d877ea8',	'MXzrxVXvZ.',	CONV('0', 2, 10) + 0),
('c707474f19164fe',	'WqCLlDRhpy',	CONV('0', 2, 10) + 0),
('c72fdd387d3da13',	'.qDwnkx.LX',	CONV('0', 2, 10) + 0),
('c74c4ecbdbdd299',	'.qDwnkx.LX',	CONV('0', 2, 10) + 0),
('c7722427ceb5fc0',	'.qDwnkx.LX',	CONV('0', 2, 10) + 0),
('c77cbba1f59ddfa',	'MXzrxVXvZ.',	CONV('0', 2, 10) + 0),
('c87b4056a700d2b',	'MXzrxVXvZ.',	CONV('0', 2, 10) + 0),
('c88d20b08f020b4',	'ZTclamUsxG',	CONV('0', 2, 10) + 0),
('c8a5ba45dafe4a1',	'ZTclamUsxG',	CONV('0', 2, 10) + 0),
('c8dbb13846c8e26',	'_ch.dvaaHu',	CONV('0', 2, 10) + 0),
('c958aab273cee96',	'UPNqydTGRk',	CONV('0', 2, 10) + 0),
('c985964b75d3a70',	'WqCLlDRhpy',	CONV('0', 2, 10) + 0),
('c9afea30af6e31e',	'WqCLlDRhpy',	CONV('0', 2, 10) + 0),
('ca0682d07f07a2c',	'WqCLlDRhpy',	CONV('0', 2, 10) + 0),
('ca6345863b3b8ee',	'.qDwnkx.LX',	CONV('0', 2, 10) + 0),
('caaae7b17bb3a0c',	'ZTclamUsxG',	CONV('0', 2, 10) + 0),
('cacf09229fbcf5a',	'WqCLlDRhpy',	CONV('0', 2, 10) + 0),
('cafd71c350b0a56',	'.qDwnkx.LX',	CONV('0', 2, 10) + 0),
('ce2ada7f2034784',	'WqCLlDRhpy',	CONV('0', 2, 10) + 0),
('ce636e1c7bbb50c',	'ZTclamUsxG',	CONV('0', 2, 10) + 0),
('ceba612b8d313e9',	'_ch.dvaaHu',	CONV('0', 2, 10) + 0),
('ceec244f53cc70e',	'UPNqydTGRk',	CONV('0', 2, 10) + 0),
('cf0fb55f5820e9f',	'WqCLlDRhpy',	CONV('0', 2, 10) + 0),
('d047a20e25d03bd',	'ZTclamUsxG',	CONV('0', 2, 10) + 0),
('d061b28c64d5af8',	'.qDwnkx.LX',	CONV('0', 2, 10) + 0),
('d0f1ca058cbc133',	'_ch.dvaaHu',	CONV('0', 2, 10) + 0),
('d101bb6968831e6',	'ZTclamUsxG',	CONV('0', 2, 10) + 0),
('d1a4c93b1b3600b',	'MXzrxVXvZ.',	CONV('0', 2, 10) + 0),
('d2768aeb5fe78e1',	'MXzrxVXvZ.',	CONV('0', 2, 10) + 0),
('d280bce3c4df655',	'WqCLlDRhpy',	CONV('0', 2, 10) + 0),
('d287e46fe6e9141',	'.qDwnkx.LX',	CONV('0', 2, 10) + 0),
('d392fb6e5be4cdb',	'ZTclamUsxG',	CONV('0', 2, 10) + 0),
('d4ccca372ccfaff',	'_ch.dvaaHu',	CONV('0', 2, 10) + 0),
('d50e6537a7e5bcc',	'MXzrxVXvZ.',	CONV('0', 2, 10) + 0),
('d58eff84cff6b1e',	'ZTclamUsxG',	CONV('0', 2, 10) + 0),
('d6083f698daf897',	'ZTclamUsxG',	CONV('0', 2, 10) + 0),
('d617dc81d6c70fa',	'WqCLlDRhpy',	CONV('0', 2, 10) + 0),
('d6ebe3816b85dab',	'.qDwnkx.LX',	CONV('0', 2, 10) + 0),
('d70ebda66059f04',	'.qDwnkx.LX',	CONV('0', 2, 10) + 0),
('d75c82f3a3ae7de',	'UPNqydTGRk',	CONV('0', 2, 10) + 0),
('d773a524df8335b',	'.qDwnkx.LX',	CONV('0', 2, 10) + 0),
('d7dce155eebb663',	'.qDwnkx.LX',	CONV('0', 2, 10) + 0),
('d8d8cec79023f6e',	'WqCLlDRhpy',	CONV('0', 2, 10) + 0),
('d90d1d8ca7fbcbe',	'ZTclamUsxG',	CONV('0', 2, 10) + 0),
('d9d0d498666ae80',	'UPNqydTGRk',	CONV('0', 2, 10) + 0),
('d9e1e4edae299b5',	'ZTclamUsxG',	CONV('0', 2, 10) + 0),
('da629b45b4ea6ee',	'UPNqydTGRk',	CONV('0', 2, 10) + 0),
('da8a6568969f5b8',	'WqCLlDRhpy',	CONV('0', 2, 10) + 0),
('db74a0b7807889e',	'.qDwnkx.LX',	CONV('0', 2, 10) + 0),
('dd15ef15956bb05',	'UPNqydTGRk',	CONV('0', 2, 10) + 0),
('ddbc9dec3e87da7',	'WqCLlDRhpy',	CONV('0', 2, 10) + 0),
('de50419cd476f7a',	'ZTclamUsxG',	CONV('0', 2, 10) + 0),
('dfaa279cc6fab13',	'ZTclamUsxG',	CONV('0', 2, 10) + 0),
('e00bdadf1c8dd7f',	'_ch.dvaaHu',	CONV('0', 2, 10) + 0),
('e015d40e2044e56',	'.qDwnkx.LX',	CONV('0', 2, 10) + 0),
('e05fce636e7528e',	'UPNqydTGRk',	CONV('0', 2, 10) + 0),
('e11204bde79976e',	'.qDwnkx.LX',	CONV('0', 2, 10) + 0),
('e1d90e0255f8b7b',	'UPNqydTGRk',	CONV('0', 2, 10) + 0),
('e1f9fb7c3a58c4c',	'ZTclamUsxG',	CONV('0', 2, 10) + 0),
('e29c2276a9ae6d4',	'WqCLlDRhpy',	CONV('0', 2, 10) + 0),
('e2c51e89c45da88',	'UPNqydTGRk',	CONV('0', 2, 10) + 0),
('e34f3cb6d7ca6f5',	'WqCLlDRhpy',	CONV('0', 2, 10) + 0),
('e3579bfd7a6f3ce',	'_ch.dvaaHu',	CONV('0', 2, 10) + 0),
('e3899f7b3425e5a',	'_ch.dvaaHu',	CONV('0', 2, 10) + 0),
('e39de72297fb40e',	'WqCLlDRhpy',	CONV('0', 2, 10) + 0),
('e3b45f3edbbb4f4',	'_ch.dvaaHu',	CONV('0', 2, 10) + 0),
('e3d821501068c39',	'WqCLlDRhpy',	CONV('0', 2, 10) + 0),
('e459c57fd3782a8',	'MXzrxVXvZ.',	CONV('0', 2, 10) + 0),
('e4b78ab53e6ce5e',	'ZTclamUsxG',	CONV('0', 2, 10) + 0),
('e513cfb9fd97715',	'UPNqydTGRk',	CONV('0', 2, 10) + 0),
('e569f5c50099799',	'WqCLlDRhpy',	CONV('0', 2, 10) + 0),
('e5809e6ed472b24',	'.qDwnkx.LX',	CONV('0', 2, 10) + 0),
('e60f5fc70668dbc',	'UPNqydTGRk',	CONV('0', 2, 10) + 0),
('e63b042c07d83ba',	'MXzrxVXvZ.',	CONV('0', 2, 10) + 0),
('e6da683dafe7201',	'ZTclamUsxG',	CONV('0', 2, 10) + 0),
('e7147f425721ca1',	'_ch.dvaaHu',	CONV('0', 2, 10) + 0),
('e7414d04e1fa838',	'WqCLlDRhpy',	CONV('0', 2, 10) + 0),
('e7d48de713cce1f',	'_ch.dvaaHu',	CONV('0', 2, 10) + 0),
('e8b7e331f378ccd',	'.qDwnkx.LX',	CONV('0', 2, 10) + 0),
('e91ee4482272fb9',	'.qDwnkx.LX',	CONV('0', 2, 10) + 0),
('e9d1750d60413db',	'WqCLlDRhpy',	CONV('0', 2, 10) + 0),
('ea06b3c7ef01d0a',	'ZTclamUsxG',	CONV('0', 2, 10) + 0),
('ea474a31609a934',	'ZTclamUsxG',	CONV('0', 2, 10) + 0),
('ea4a9e99d0952c8',	'.qDwnkx.LX',	CONV('0', 2, 10) + 0),
('eae3772fa0da199',	'UPNqydTGRk',	CONV('0', 2, 10) + 0),
('eb7d44a0bc05624',	'.qDwnkx.LX',	CONV('0', 2, 10) + 0),
('ec1be8b93baea6a',	'ZTclamUsxG',	CONV('0', 2, 10) + 0),
('ec878daeee34550',	'.qDwnkx.LX',	CONV('0', 2, 10) + 0),
('ecc0e21904d50c1',	'ZTclamUsxG',	CONV('0', 2, 10) + 0),
('ecffa414a04e956',	'WqCLlDRhpy',	CONV('0', 2, 10) + 0),
('ed1121027bda1b1',	'UPNqydTGRk',	CONV('0', 2, 10) + 0),
('ed2dd70e45bf594',	'.qDwnkx.LX',	CONV('0', 2, 10) + 0),
('ed41511d07d58d4',	'_ch.dvaaHu',	CONV('0', 2, 10) + 0),
('ee1c4dbae0382bd',	'ZTclamUsxG',	CONV('0', 2, 10) + 0),
('ee745ecda2bafb8',	'WqCLlDRhpy',	CONV('0', 2, 10) + 0),
('eec7b33563a9778',	'WqCLlDRhpy',	CONV('0', 2, 10) + 0),
('eee38e05c079f64',	'UPNqydTGRk',	CONV('0', 2, 10) + 0),
('ef9b4092c751bc2',	'MXzrxVXvZ.',	CONV('0', 2, 10) + 0),
('efef288c6937299',	'UPNqydTGRk',	CONV('0', 2, 10) + 0),
('f03df4a27ce8318',	'.qDwnkx.LX',	CONV('0', 2, 10) + 0),
('f0675cd5f767247',	'_ch.dvaaHu',	CONV('0', 2, 10) + 0),
('f0702ab2901ceb3',	'ZTclamUsxG',	CONV('0', 2, 10) + 0),
('f07ea0c42419ee7',	'ZTclamUsxG',	CONV('0', 2, 10) + 0),
('f156d34a78cb31e',	'WqCLlDRhpy',	CONV('0', 2, 10) + 0),
('f17d197c71402ad',	'_ch.dvaaHu',	CONV('0', 2, 10) + 0),
('f1f0511cbb65603',	'ZTclamUsxG',	CONV('0', 2, 10) + 0),
('f208d5b70e607b9',	'ZTclamUsxG',	CONV('0', 2, 10) + 0),
('f270735f195c968',	'_ch.dvaaHu',	CONV('0', 2, 10) + 0),
('f3047694d59fb17',	'_ch.dvaaHu',	CONV('0', 2, 10) + 0),
('f3517b07bd95d8b',	'.qDwnkx.LX',	CONV('0', 2, 10) + 0),
('f39aea69de5e080',	'.qDwnkx.LX',	CONV('0', 2, 10) + 0),
('f3c7f02c32c3f85',	'_ch.dvaaHu',	CONV('0', 2, 10) + 0),
('f3d7bbe23eea1d4',	'.qDwnkx.LX',	CONV('0', 2, 10) + 0),
('f453153b709c913',	'WqCLlDRhpy',	CONV('0', 2, 10) + 0),
('f4ea825032a9f26',	'_ch.dvaaHu',	CONV('0', 2, 10) + 0),
('f551b276789175d',	'UPNqydTGRk',	CONV('0', 2, 10) + 0),
('f565eeab8594878',	'MXzrxVXvZ.',	CONV('0', 2, 10) + 0),
('f67e1b6e2b8292b',	'_ch.dvaaHu',	CONV('0', 2, 10) + 0),
('f79e0c279da18f1',	'.qDwnkx.LX',	CONV('0', 2, 10) + 0),
('f8049d30bbd514c',	'WqCLlDRhpy',	CONV('0', 2, 10) + 0),
('f89460f0cd2809f',	'MXzrxVXvZ.',	CONV('0', 2, 10) + 0),
('f97968856726fe8',	'ZTclamUsxG',	CONV('0', 2, 10) + 0),
('f9a323d3dfdd06f',	'WqCLlDRhpy',	CONV('0', 2, 10) + 0),
('f9e123497fbffe3',	'WqCLlDRhpy',	CONV('0', 2, 10) + 0),
('f9f260a4d73cfbf',	'WqCLlDRhpy',	CONV('0', 2, 10) + 0),
('fa210acd1b09f99',	'_ch.dvaaHu',	CONV('0', 2, 10) + 0),
('fa8c604ec4f7b75',	'.qDwnkx.LX',	CONV('0', 2, 10) + 0),
('fad0c28284c1a25',	'MXzrxVXvZ.',	CONV('0', 2, 10) + 0),
('fb0672633822ac7',	'WqCLlDRhpy',	CONV('0', 2, 10) + 0),
('fb801c52e0c2504',	'_ch.dvaaHu',	CONV('0', 2, 10) + 0),
('fba56b32462903c',	'MXzrxVXvZ.',	CONV('0', 2, 10) + 0),
('fbc5fe4bf5f6492',	'.qDwnkx.LX',	CONV('0', 2, 10) + 0),
('fc9a77fd94da257',	'ZTclamUsxG',	CONV('0', 2, 10) + 0),
('fcaa5c89dbaa0c9',	'WqCLlDRhpy',	CONV('0', 2, 10) + 0),
('fcb6a6bc181b651',	'WqCLlDRhpy',	CONV('0', 2, 10) + 0),
('fd16c01836f09af',	'_ch.dvaaHu',	CONV('0', 2, 10) + 0),
('fd621b64997dd79',	'UPNqydTGRk',	CONV('0', 2, 10) + 0),
('fdb4a6fcc9aaba3',	'MXzrxVXvZ.',	CONV('0', 2, 10) + 0),
('fdf90506edc5e3d',	'UPNqydTGRk',	CONV('0', 2, 10) + 0),
('fe1d8e403584c43',	'MXzrxVXvZ.',	CONV('0', 2, 10) + 0),
('fe2658b0228fd47',	'ZTclamUsxG',	CONV('0', 2, 10) + 0),
('fe76d40eafe8a42',	'WqCLlDRhpy',	CONV('0', 2, 10) + 0),
('fe9922310a6dbcb',	'MXzrxVXvZ.',	CONV('0', 2, 10) + 0),
('feb99df1d55fcc0',	'.qDwnkx.LX',	CONV('0', 2, 10) + 0);

DROP TABLE IF EXISTS `Transaction`;
CREATE TABLE `Transaction` (
  `transactionID` varchar(20) COLLATE latin1_bin NOT NULL,
  `transactionSender` varchar(10) COLLATE latin1_bin NOT NULL,
  `transactionReceiver` varchar(10) COLLATE latin1_bin NOT NULL,
  `transactionAmont` double NOT NULL,
  `transactionTime` datetime NOT NULL,
  `transactionApproved` bit(1) NOT NULL DEFAULT b'0',
  `transactionToken` varchar(15) COLLATE latin1_bin NOT NULL,
  PRIMARY KEY (`transactionID`),
  KEY `transactionSender` (`transactionSender`),
  KEY `transactionReceiver` (`transactionReceiver`),
  KEY `transactionToken` (`transactionToken`),
  CONSTRAINT `Transaction_ibfk_1` FOREIGN KEY (`transactionSender`) REFERENCES `Customer` (`customerID`),
  CONSTRAINT `Transaction_ibfk_2` FOREIGN KEY (`transactionReceiver`) REFERENCES `Customer` (`customerID`),
  CONSTRAINT `Transaction_ibfk_3` FOREIGN KEY (`transactionToken`) REFERENCES `Token` (`tokenID`) ON DELETE NO ACTION ON UPDATE NO ACTION
) ENGINE=InnoDB DEFAULT CHARSET=latin1 COLLATE=latin1_bin;

INSERT INTO `Transaction` (`transactionID`, `transactionSender`, `transactionReceiver`, `transactionAmont`, `transactionTime`, `transactionApproved`, `transactionToken`) VALUES
('PSLmEblIGCEvvhYOxNPk',	'.qDwnkx.LX',	'WqCLlDRhpy',	200,	'2014-10-28 02:59:47',	CONV('1', 2, 10) + 0,	'95bb265bec620ee'),
('QsMExCHuyYjEIDgeKdKt',	'WqCLlDRhpy',	'.qDwnkx.LX',	10001,	'2014-10-28 10:17:01',	CONV('1', 2, 10) + 0,	'b1c19a261ef21c1'),
('dfDCajmwHhUNgbEQSxuk',	'.qDwnkx.LX',	'WqCLlDRhpy',	73,	'2014-10-28 04:20:08',	CONV('1', 2, 10) + 0,	'90c0eb3be64b6e3'),
('iKiqDUosHPwFxsnNOpFZ',	'MXzrxVXvZ.',	'WqCLlDRhpy',	45,	'2014-10-29 14:03:07',	CONV('1', 2, 10) + 0,	'7cef297a8632542'),
('izlFeWcadDLRBuKvtruK',	'WqCLlDRhpy',	'.qDwnkx.LX',	100,	'2014-10-27 22:10:36',	CONV('1', 2, 10) + 0,	'b864cf506f3fc92'),
('rzrUoosUzeTdWjToxdIV',	'.qDwnkx.LX',	'WqCLlDRhpy',	10005,	'2014-10-27 22:12:10',	CONV('1', 2, 10) + 0,	'c2300b6cafc84e0'),
('sZHhxmERZULjwNLDDuBB',	'UPNqydTGRk',	'WqCLlDRhpy',	505,	'2014-10-31 14:24:32',	CONV('1', 2, 10) + 0,	'a621dff49be813b');

DROP TABLE IF EXISTS `User`;
CREATE TABLE `User` (
  `userUsername` varchar(50) COLLATE latin1_bin NOT NULL,
  `userPassword` varchar(64) COLLATE latin1_bin NOT NULL,
  `userRole` int(11) NOT NULL,
  `userApproved` bit(1) NOT NULL DEFAULT b'0',
  PRIMARY KEY (`userUsername`),
  KEY `userRole` (`userRole`),
  CONSTRAINT `User_ibfk_1` FOREIGN KEY (`userRole`) REFERENCES `Role` (`roleID`) ON DELETE NO ACTION ON UPDATE NO ACTION
) ENGINE=InnoDB DEFAULT CHARSET=latin1 COLLATE=latin1_bin;

INSERT INTO `User` (`userUsername`, `userPassword`, `userRole`, `userApproved`) VALUES
('conan',	'b42602cfb002359af6372785f6bdca75baa8169b82d785ded006440c05ef25b0',	1,	CONV('0', 2, 10) + 0),
('darthvader',	'd8a928b2043db77e340b523547bf16cb4aa483f0645fe0a290ed1f20aab76257',	2,	CONV('1', 2, 10) + 0),
('dexter',	'd8a928b2043db77e340b523547bf16cb4aa483f0645fe0a290ed1f20aab76257',	2,	CONV('1', 2, 10) + 0),
('johndoe',	'743edcf941b967222a1b21a084ced8f7493e0a2701d3bef99eb1d5f5a0455f14',	2,	CONV('1', 2, 10) + 0),
('lolly',	'd8a928b2043db77e340b523547bf16cb4aa483f0645fe0a290ed1f20aab76257',	2,	CONV('0', 2, 10) + 0),
('luke',	'743edcf941b967222a1b21a084ced8f7493e0a2701d3bef99eb1d5f5a0455f14',	1,	CONV('1', 2, 10) + 0),
('newcustomer',	'd8a928b2043db77e340b523547bf16cb4aa483f0645fe0a290ed1f20aab76257',	2,	CONV('1', 2, 10) + 0),
('newemp',	'd8a928b2043db77e340b523547bf16cb4aa483f0645fe0a290ed1f20aab76257',	1,	CONV('1', 2, 10) + 0),
('sara',	'd8a928b2043db77e340b523547bf16cb4aa483f0645fe0a290ed1f20aab76257',	2,	CONV('1', 2, 10) + 0),
('testuser',	'd8a928b2043db77e340b523547bf16cb4aa483f0645fe0a290ed1f20aab76257',	2,	CONV('1', 2, 10) + 0);

-- 2014-11-23 14:57:36
